代码,名称,流通A股(万股),总股本(万股)
sh600000,浦发银行,2810376.3899,2810376.3899
sh600006,东风汽车,200000,200000
sh600008,首创股份,482061.4124,482061.4124
sh600009,上海机场,109347.6397,192695.8448
sh600010,包钢股份,2203883.3821,4558503.2648
sh600011,华能国际,1050000,1520038.344
sh600012,皖通高速,116560,165861
sh600015,华夏银行,1282268.6653,1282268.6653
sh600016,民生银行,2955176.9344,3648534.8752
sh600017,日照港,307565.3888,307565.3888
sh600018,上港集团,2275517.965,2317367.465
sh600019,宝钢股份,2208972.6225,2210265.6925
sh600020,中原高速,224737.1832,224737.1832
sh600021,上海电力,213973.9257,213973.9257
sh600022,山东钢铁,1068861.3107,1094654.9616
sh600023,浙能电力,1360068.9988,1360068.9988
sh600026,中远海能,273603.2861,403203.2861
sh600028,中国石化,9555777.1046,12107120.9646
sh600029,南方航空,702265,981756.7
sh600030,中信证券,981466.17,1211690.84
sh600031,三一重工,759373.7652,765795.6115
sh600036,招商银行,2062894.4429,2521984.5601
sh600037,歌华有线,116835.2026,139177.7884
sh600048,保利地产,1173634.0939,1185844.1061
sh600050,中国联通,2119659.6395,2119659.6395
sh600051,宁波联合,30748.8,31088
sh600052,浙江广厦,87178.9092,87178.9092
sh600053,九鼎投资,43354.08,43354.08
sh600054,黄山旅游,51330,74730
sh600055,万东医疗,48484.8,54081.6199
sh600056,中国医药,101213.6064,106848.5534
sh600057,象屿股份,110440.3411,117077.9403
sh600059,古越龙山,80852.4165,80852.4165
sh600060,海信电器,130848.1222,130848.1222
sh600061,国投安信,196236.4989,369415.1713
sh600062,华润双鹤,57169.5948,72447.0631
sh600063,皖维高新,152011.328,192589.4692
sh600064,南京高科,77247.3055,77247.3055
sh600066,宇通客车,190348.4223,221393.9223
sh600067,冠城大通,149211.0725,149211.0725
sh600069,银鸽投资,82537.4144,124910.2957
sh600070,浙江富润,35661.3052,52194.6118
sh600071,凤凰光学,23747.2456,23747.2456
sh600074,保千里,90560.0688,243788.6049
sh600075,新疆天业,61402.88,97252.2352
sh600076,康欣新材,75237.4637,103426.4129
sh600077,宋都股份,134012.2326,134012.2326
sh600078,澄星股份,66257.2861,66257.2861
sh600079,人福医药,105755.4444,128604.9062
sh600080,金花股份,30529.5872,30529.5872
sh600084,中葡股份,99820.3818,112372.683
sh600085,同仁堂,137147.0262,137147.0262
sh600086,东方金钰,105684.5016,135000
sh600088,中视传媒,33142.2,33142.2
sh600089,特变电工,368038.9439,371864.7789
sh600090,同济堂,70269.6979,143966.2945
sh600091,ST明科,33652.6,43741.2524
sh600093,易见股份,32244.75,112244.75
sh600094,大名城,181283.6847,247532.5057
sh600097,开创国际,20259.7901,20259.7901
sh600099,林海股份,21912,21912
sh600100,同方股份,219788.2238,296389.8951
sh600101,明星电力,32417.8977,32417.8977
sh600103,青山纸业,106184.16,177370.6005
sh600104,上汽集团,1102556.6629,1168346.1365
sh600105,永鼎股份,76190.9292,94499.3092
sh600106,重庆路桥,99851.62,99851.62
sh600107,美尔雅,36000,36000
sh600108,亚盛集团,194691.5121,194691.5121
sh600109,国金证券,302435.931,302435.931
sh600110,诺德股份,115031.2097,115031.2097
sh600111,北方稀土,363306.6,363306.6
sh600112,*ST天成,50920.4846,50920.4846
sh600113,浙江东日,31860,31860
sh600114,东睦股份,38263.5517,43634.7649
sh600115,东方航空,848107.886,1446758.5682
sh600116,三峡水利,88800.5502,99300.5502
sh600117,西宁特钢,74121.9252,104511.8252
sh600118,中国卫星,118248.9135,118248.9135
sh600119,长江投资,30740,30740
sh600121,*ST郑煤,101534.3365,101534.3365
sh600122,宏图高科,115241.085,115416.085
sh600123,兰花科创,114240,114240
sh600125,铁龙物流,130552.1874,130552.1874
sh600126,杭钢股份,92698.5981,259783.7756
sh600127,金健米业,64178.3218,64178.3218
sh600129,太极集团,42689.4,42689.4
sh600130,波导股份,76800,76800
sh600131,岷江水电,39743.8103,50412.5155
sh600132,重庆啤酒,48397.1198,48397.1198
sh600133,东湖高新,53794.8915,63425.7784
sh600135,乐凯胶片,36834.2974,37299.1735
sh600136,当代明诚,27449.5784,48718.2186
sh600137,浪莎股份,9721.7588,9721.7588
sh600138,中青旅,72384,72384
sh600141,兴发集团,48029.7175,51223.7274
sh600143,金发科技,256000,271678.4786
sh600145,*ST新亿,149110.038,149110.038
sh600146,商赢环球,20000,46997
sh600148,长春一东,14151.645,14151.645
sh600150,中国船舶,137811.7598,137811.7598
sh600151,航天机电,125017.9897,143425.2287
sh600152,维科精华,29349.42,29349.42
sh600153,建发股份,283520.053,283520.053
sh600155,宝硕股份,41250,173955.6648
sh600156,华升股份,40211.0702,40211.0702
sh600157,永泰能源,582681.0556,1242579.5326
sh600159,大龙地产,83000.3232,83000.3232
sh600160,巨化股份,181091.5951,211166.6233
sh600161,天坛生物,67010.6928,67010.6928
sh600162,香江控股,177432.798,340067.1424
sh600163,中闽能源,75362.3914,99946.523
sh600165,新日恒力,68488.3775,68488.3775
sh600167,联美控股,21100,88004.5952
sh600168,武汉控股,70956.9692,70956.9692
sh600169,太原重工,242395.5,256395.5
sh600170,上海建工,821851.4745,890439.7728
sh600171,上海贝岭,67380.7773,67380.7773
sh600172,黄河旋风,116241.2303,142631.7987
sh600173,卧龙地产,72505.746,72514.746
sh600175,美都能源,144803.3217,357648.8773
sh600176,中国巨石,291858.9041,291858.9041
sh600177,雅戈尔,358144.7353,358144.7353
sh600178,东安动力,46208,46208
sh600179,安通控股,39000,106212.8511
sh600180,瑞茂通,88254.8893,101647.7464
sh600182,S佳通,17000,34000
sh600183,生益科技,145226.8427,145226.8427
sh600184,光电股份,41876.0826,50876.0826
sh600185,格力地产,161758.3126,206006.1002
sh600187,国中水务,145562.4228,165393.5128
sh600188,兖州煤业,296000,491201.6
sh600189,吉林森工,31050,31050
sh600190,锦州港,177948.453,200229.15
sh600192,长城电工,44174.8,44174.8
sh600193,创兴资源,42537.3,42537.3
sh600195,中牧股份,42980,42980
sh600196,复星医药,190897.3339,249513.1045
sh600197,伊力特,44100,44100
sh600198,大唐电信,87019.6677,88210.8472
sh600199,金种子酒,55577.5002,55577.5002
sh600200,江苏吴中,66803.607,72189.1958
sh600201,生物股份,57282.986,61315.244
sh600202,哈空调,38334.0672,38334.0672
sh600203,福日电子,30317.0793,45644.712
sh600206,有研新材,83877.8332,83877.8332
sh600207,安彩高科,69000,86295.5974
sh600208,新湖中宝,859817.1921,859934.3536
sh600209,罗顿发展,42634.4995,43901.1169
sh600210,紫江企业,143673.6158,151673.6158
sh600211,西藏药业,14558.9,17961.9205
sh600212,江泉实业,51169.7213,51169.7213
sh600213,亚星客车,22000,22000
sh600215,长春经开,46503.288,46503.288
sh600216,浙江医药,93610.3725,96284.8
sh600217,中再资环,72019.7707,141133.6529
sh600218,全柴动力,36875.5,36875.5
sh600219,南山铝业,708796.0902,925110.2895
sh600220,江苏阳光,178334.0326,178334.0326
sh600221,海航控股,1181206.4188,1680612.033
sh600222,太龙药业,53766.0007,57388.6283
sh600223,鲁商置业,100096.8,100096.8
sh600225,*ST松江,85045.158,93549.2615
sh600226,瀚叶股份,109498.297,172452.7554
sh600227,赤天化,95039.2526,173631.9081
sh600228,*ST昌九,24132,24132
sh600229,城市传媒,42977.2079,70209.601
sh600230,沧州大化,29418.8216,29418.8216
sh600231,凌钢股份,160800.44,251916.613
sh600232,金鹰股份,36471.8544,36471.8544
sh600233,圆通速递,33000,282122.9621
sh600234,ST山水,20244.588,20244.588
sh600235,民丰特纸,35130,35130
sh600237,铜峰电子,56436.9565,56436.9565
sh600238,海南椰岛,44500.158,44820
sh600239,云南城投,160568.6909,160568.6909
sh600240,华业资本,142425.36,142425.36
sh600241,时代万恒,19295.9103,22619.2115
sh600243,青海华鼎,23685,43885
sh600246,万通地产,121680,205400.9302
sh600248,延长化建,60760.596,61579.596
sh600249,两面针,45000,55000
sh600250,南纺股份,25869.246,25869.246
sh600251,冠农股份,78484.2008,78484.2008
sh600252,中恒集团,343009.6626,347510.7147
sh600255,梦舟股份,176959.3555,176959.3555
sh600256,广汇能源,522142.4684,522142.4684
sh600257,大湖股份,42705,48123.7188
sh600258,首旅酒店,27768,81574.2752
sh600260,凯乐科技,53936.9133,70884.8523
sh600261,阳光照明,145210.293,145210.293
sh600262,北方股份,17000,17000
sh600265,ST景谷,12980,12980
sh600266,北京城建,151704,156704
sh600267,海正药业,96553.1842,96553.1842
sh600268,国电南自,63524.6434,63524.6434
sh600269,赣粤高速,233540.7014,233540.7014
sh600270,外运发展,90548.172,90548.172
sh600271,航天信息,184681.1881,186285.1781
sh600272,开开实业,16000,24300
sh600273,嘉化能源,57999.8429,130628.5261
sh600275,*ST昌鱼,50883.7238,50883.7238
sh600276,恒瑞医药,281228.4432,281688.9833
sh600277,亿利洁能,208958.95,273894.0149
sh600278,东方创业,52224.1739,52224.1739
sh600279,重庆港九,69295.8572,69295.8572
sh600280,中央商场,114833.4872,114833.4872
sh600281,太化股份,51440.2025,51440.2025
sh600282,南钢股份,387575.2457,396207.2457
sh600283,钱江水利,33591.6058,35299.5758
sh600284,浦东建设,69304,69304
sh600285,羚锐制药,53543.4614,59232.0838
sh600287,江苏舜天,43679.6074,43679.6074
sh600288,大恒科技,43680,43680
sh600289,亿阳信通,56592.2684,63105.2069
sh600290,华仪电气,52688.3658,75990.3511
sh600292,远达环保,78081.689,78081.689
sh600293,三峡新材,51675.39,116213.2046
sh600297,广汇汽车,239177.7141,715052.0882
sh600298,安琪酵母,81071.925,82408.0943
sh600299,安迪苏,57455.9411,268190.1273
sh600300,维维股份,167200,167200
sh600301,ST南化,23514.814,23514.814
sh600303,曙光股份,62032.4296,67560.4211
sh600305,恒顺醋业,60273.8,60273.8
sh600306,商业城,17740.5726,17813.8918
sh600307,酒钢宏兴,626335.7424,626335.7424
sh600308,华泰股份,116756.1419,116756.1419
sh600309,万华化学,259480.1664,273401.28
sh600310,桂东电力,82777.5,82777.5
sh600311,荣华实业,66560,66560
sh600312,平高电气,113748.5573,135692.1309
sh600313,农发种业,99359.6525,108219.8663
sh600315,上海家化,67124.8461,67341.6467
sh600317,营口港,647298.3003,647298.3003
sh600318,新力金融,48400,48400
sh600319,亚星化学,31559.4,31559.4
sh600320,振华重工,276833.1384,439029.4584
sh600321,国栋建设,118088,151055
sh600322,天房发展,110570,110570
sh600323,瀚蓝环境,62870.999,76626.4018
sh600326,西藏天路,66568.0392,66568.0392
sh600327,大东方,52171.1813,56716.6357
sh600328,兰太实业,43803.1073,43803.1073
sh600329,中新药业,56576.8076,76887.3076
sh600330,天通股份,81997.1442,83047.1442
sh600332,白云山,107117.925,162579.0949
sh600333,长春燃气,52961.9808,52961.9808
sh600335,国机汽车,86213.9894,102973.6837
sh600336,澳柯玛,68007.2,77675.3269
sh600337,美克家居,148340.8456,148340.8456
sh600338,XD西藏珠,15833.3333,65300.7263
sh600339,中油工程,57815.4688,558314.7471
sh600340,华夏幸福,295494.6709,295494.6709
sh600343,航天动力,63820.6348,63820.6348
sh600346,恒力股份,91935.9142,282568.6942
sh600348,阳泉煤业,240500,240500
sh600351,亚宝药业,69200,78704.1461
sh600352,浙江龙盛,305993.186,325333.186
sh600353,旭光股份,54372,54372
sh600355,精伦电子,49208.92,49208.92
sh600356,恒丰纸业,29873.1378,29873.1378
sh600358,国旅联合,43200,50493.666
sh600360,华微电子,73808,73808
sh600361,华联综超,66580.7918,66580.7918
sh600362,江西铜业,207524.7405,346272.9405
sh600363,联创光电,44347.675,44347.675
sh600365,通葡股份,40000,40000
sh600366,宁波韵升,53526.4477,55707.1925
sh600367,红星发展,29120,29120
sh600368,五洲交通,83380.1532,83380.1532
sh600369,西南证券,564510.9124,564510.9124
sh600370,三房巷,79724.423,79724.423
sh600371,万向德农,22506,22506
sh600373,中文传媒,128207.2046,137794.0025
sh600375,华菱星马,55574.0597,55574.0597
sh600376,首开股份,254580.9968,257956.5242
sh600377,宁沪高速,379798.1355,503774.75
sh600378,天科股份,29719.3292,29719.3292
sh600379,宝光股份,23585.826,23585.826
sh600380,健康元,156222.5252,158590.1292
sh600381,青海春天,20581.016,68561.145
sh600382,广东明珠,34174.66,46682.4742
sh600383,金地集团,451363.1772,451363.1772
sh600385,山东金泰,14277.3814,14810.7148
sh600386,北巴传媒,40320,40320
sh600387,海越股份,38571,38610
sh600389,江山股份,29700,29700
sh600390,五矿资本,45125.6401,374838.7882
sh600392,盛和资源,94103.9383,135012.8513
sh600393,粤泰股份,98820.5552,253624.787
sh600395,盘江股份,165505.1861,165505.1861
sh600396,金山股份,116464.5168,147270.6817
sh600397,安源煤业,98995.9882,98995.9882
sh600398,海澜之家,449275.7924,449275.7924
sh600399,抚顺特钢,112962.28,130000
sh600400,红豆股份,123287.9208,180946.9223
sh600403,*ST大有,239081.2402,239081.2402
sh600405,动力源,55327.5448,56260.0448
sh600406,国电南瑞,220575.3602,242895.3351
sh600409,三友化工,185038.5487,206434.9448
sh600410,华胜天成,89242.3694,110448.4183
sh600415,小商品城,544321.4176,544321.4176
sh600419,天润乳业,8949.8955,10355.7209
sh600420,现代制药,57546.6804,111045.8928
sh600421,仰帆控股,19560,19560
sh600422,昆药集团,68089.9354,78868.862
sh600423,*ST柳化,39934.7513,39934.7513
sh600425,*ST青松,137879.0086,137879.0086
sh600426,华鲁恒升,161162.625,162048.185
sh600429,三元股份,88500,149755.7426
sh600433,冠豪高新,119028,127131.5443
sh600435,北方导航,148932,148932
sh600436,片仔癀,60331.721,60331.721
sh600438,通威股份,228414.2539,388237.222
sh600439,瑞贝卡,113198.544,113198.544
sh600444,国机通用,10500,14642.1932
sh600446,金证股份,80140.95,83500.95
sh600448,华纺股份,42236.4101,42236.4101
sh600449,宁夏建材,47818.1042,47818.1042
sh600452,涪陵电力,16000,16000
sh600455,博通股份,4971.7768,6245.8
sh600456,宝钛股份,43026.57,43026.57
sh600458,时代新材,66142.2092,80279.8152
sh600459,贵研铂业,26097.7742,26097.7742
sh600460,士兰微,124716.8,124716.8
sh600461,洪城水业,59400,78959.3625
sh600462,九有股份,53378,53378
sh600463,空港股份,25200,30000
sh600466,蓝光发展,88255.4109,213429.7139
sh600467,好当家,146099.4304,146099.4304
sh600468,百利电气,79843.0965,81111.3518
sh600469,风神股份,56241.3222,56241.3222
sh600470,六国化工,52160,52160
sh600475,华光股份,14049.5478,55939.2211
sh600476,湘邮科技,16107,16107
sh600477,杭萧钢构,96656.21,105712.855
sh600478,科力远,127503.5034,139107.033
sh600479,千金药业,30481.92,34875.5931
sh600480,凌云股份,36171.4838,45093.4166
sh600481,双良节能,162049.5808,162049.5808
sh600482,中国动力,53138,173919.0872
sh600483,福能股份,28848.3712,155182.5574
sh600486,扬农化工,30989.8907,30989.8907
sh600487,亨通光电,124126.9065,124126.9065
sh600489,中金黄金,345113.7189,345113.7189
sh600490,鹏欣资源,147900,188136.6862
sh600491,龙元建设,94760,126210
sh600493,凤竹纺织,27200,27200
sh600495,晋西车轴,120819.0886,120819.0886
sh600496,精工钢构,151044.52,151044.52
sh600497,驰宏锌锗,430989.8186,430989.8186
sh600498,烽火通信,100938.1106,104627.2966
sh600499,科达洁能,141146.4322,141146.4322
sh600501,航天晨光,40688.36,42128.36
sh600502,安徽水利,75894.1686,122249.5951
sh600503,华丽家族,156269.072,160229
sh600505,西昌电力,36456.75,36456.75
sh600506,香梨股份,14770.6873,14770.6873
sh600507,方大特钢,132609.2985,132609.2985
sh600508,上海能源,72271.8,72271.8
sh600509,天富能源,90569.6586,90569.6586
sh600510,黑牡丹,79552.27,104709.5025
sh600511,国药股份,27764.3426,76693.3698
sh600512,腾达建设,97080.5457,159890.2832
sh600513,联环药业,28545.627,28545.627
sh600516,方大炭素,171916.0378,171916.0378
sh600517,置信电气,124452.229,135616.7823
sh600518,康美药业,439742.8966,494674.3675
sh600519,贵州茅台,125619.78,125619.78
sh600520,中发科技,15843,15843
sh600521,华海药业,102433.4352,104256.0402
sh600522,中天科技,227584.4111,306607.2521
sh600523,贵航股份,28860.33,28879.38
sh600525,长园集团,121598.9125,131731.1352
sh600526,菲达环保,40688.945,54740.4672
sh600527,江南高纤,80208.939,80208.939
sh600528,中铁工业,145920,222155.1588
sh600529,山东药玻,25738.0111,30355.4973
sh600530,交大昂立,78000,78000
sh600531,豫光金铅,88575.2328,109024.2634
sh600532,宏达矿业,39623.44,51606.572
sh600533,栖霞建设,105000,105000
sh600535,天士力,103284.2654,108047.5878
sh600536,中国软件,49456.2782,49456.2782
sh600537,亿晶光电,117635.9268,117635.9268
sh600538,国发股份,46440.1185,46440.1185
sh600539,狮头股份,23000,23000
sh600540,*ST新赛,46312.3313,47092.3313
sh600543,莫高股份,32112,32112
sh600545,新疆城建,67578.5778,67578.5778
sh600546,山煤国际,198245.614,198245.614
sh600548,深高速,143327.0326,218077.0326
sh600549,厦门钨业,88657.4,108157.4
sh600550,保变电气,137299.0906,153460.7067
sh600551,时代出版,50582.5296,50582.5296
sh600552,凯盛科技,74089.402,76704.9572
sh600555,海航创新,97350,130350
sh600557,康缘药业,44223.4241,61644.9121
sh600558,大西洋,89760.4831,89760.4831
sh600560,金自天正,22364.55,22364.55
sh600561,江西长运,23706.4,23706.4
sh600562,国睿科技,32764.594,47873.1322
sh600563,法拉电子,22500,22500
sh600565,迪马股份,234586.1984,242677.7984
sh600566,济川药业,80962.3999,80962.3999
sh600567,山鹰纸业,376693.9612,455125.3337
sh600569,安阳钢铁,239368.4489,239368.4489
sh600572,康恩贝,205773.8147,251073
sh600573,惠泉啤酒,25000,25000
sh600575,皖江物流,243529.5988,390811.0209
sh600576,万家文化,47980.4798,63496.8627
sh600577,精达股份,141913.122,195532.4246
sh600578,京能电力,461732.0954,674673.4457
sh600579,天华院,37088.1624,41063.6024
sh600580,卧龙电气,111052.7236,128889.9586
sh600581,八一钢铁,76644.8935,76644.8935
sh600582,天地科技,277433.607,413858.8892
sh600583,海油工程,442135.48,442135.48
sh600584,长电科技,98457,135984.4003
sh600585,海螺水泥,399970.2579,529930.2579
sh600586,金晶科技,143350.28,145889.24
sh600588,用友网络,146036.599,146421.7811
sh600589,广东榕泰,62708.5362,70530.5831
sh600590,泰豪科技,52441.3978,66696.0584
sh600592,龙溪股份,39955.3571,39955.3571
sh600593,大连圣亚,9200,9200
sh600594,益佰制药,79192.74,79192.74
sh600596,新安股份,67918.4633,70541.4633
sh600597,光明乳业,122430.2009,123063.6739
sh600598,北大荒,177767.9909,177767.9909
sh600599,熊猫金控,16600,16600
sh600601,方正科技,219489.1204,219489.1204
sh600602,云赛智联,87957.2617,132683.5136
sh600603,广汇物流,19464.192,62776.7731
sh600604,市北高新,76308.9414,187330.4804
sh600605,汇通能源,14734.4592,14734.4592
sh600606,绿地控股,322336.8284,1216815.4385
sh600608,*ST沪科,31837.1441,32886.1441
sh600609,金杯汽车,109266.7132,109266.7132
sh600610,中毅达,37557.459,107127.4605
sh600611,大众交通,156331.6364,236412.2864
sh600612,老凤祥,31710.963,52311.7764
sh600613,神奇制药,47931.9978,53407.1628
sh600614,鹏起科技,117955.7234,175277.3758
sh600615,丰华股份,18762.4508,18802.0508
sh600616,金枫酒业,51461.9192,51461.9192
sh600617,国新能源,89841.4344,108466.3692
sh600618,氯碱化工,74983.9976,115639.9976
sh600619,海立股份,46057.057,86631.0655
sh600620,天宸股份,68667.7113,68667.7113
sh600621,华鑫股份,52408.2351,106089.9292
sh600622,嘉宝集团,51430.3802,68260.6009
sh600623,华谊集团,93354.5928,211743.0913
sh600624,复旦复华,58331.201,68471.201
sh600628,新世界,53179.927,64687.5384
sh600630,龙头股份,42486.1597,42486.1597
sh600633,浙数文化,118828.759,130192.3953
sh600634,富控互动,57573.2081,57573.2081
sh600635,大众公用,241879.1675,295243.4675
sh600636,*ST爱富,42613.168,44694.1905
sh600637,东方明珠,160184.7117,264173.5216
sh600638,新黄浦,56116.3988,56116.3988
sh600639,浦东金桥,70316.6287,112241.2893
sh600640,号百控股,53536.4544,79569.594
sh600641,万业企业,80615.8748,80615.8748
sh600642,申能股份,455203.8316,455203.8316
sh600643,爱建集团,143402.7882,143713.9844
sh600644,乐山电力,32648.0131,53840.0659
sh600647,同达创业,13914.355,13914.355
sh600648,外高桥,93479.1624,113534.9124
sh600651,飞乐音响,76862.1911,99190.0409
sh600654,*ST中安,75504.3154,128302.0992
sh600655,豫园商城,143732.1976,143732.1976
sh600657,信达地产,152426.0442,152426.0442
sh600658,电子城,58009.7402,79898.9318
sh600660,福耀玻璃,200298.6332,250861.7532
sh600661,新南洋,18140.0126,28654.883
sh600663,陆家嘴,244455.12,336183.12
sh600664,哈药股份,249272.8276,254124.3276
sh600665,天地源,86412.2521,86412.2521
sh600666,奥瑞德,79471.7427,122732.624
sh600667,太极实业,119127.4272,210619.0178
sh600668,尖峰集团,34408.3828,34408.3828
sh600671,天目药业,12172.0533,12177.8885
sh600673,东阳光科,245741.6177,246887.3909
sh600674,川投能源,440214.048,440214.048
sh600675,中华企业,186705.9398,186705.9398
sh600676,交运股份,86237.3924,102849.2944
sh600677,航天通信,41642.8086,52179.17
sh600679,上海凤凰,18663.9552,40219.8947
sh600680,*ST上普,25742.5337,38222.5337
sh600681,百川能源,32740.5875,96415.7472
sh600683,京投发展,74077.7597,74077.7597
sh600684,珠江实业,71121.7269,71121.7269
sh600686,金龙汽车,44259.7097,60673.8511
sh600687,刚泰控股,107853.9429,148871.5304
sh600688,上海石化,730500,1080000
sh600690,青岛海尔,549141.6739,609763.0727
sh600691,阳煤化工,175639.0906,175678.6906
sh600692,亚通股份,25501.0517,35176.4064
sh600693,东百集团,67022.3489,89822.9148
sh600694,大商股份,29371.8653,29371.8653
sh600695,绿庭投资,36646.7152,71113.21
sh600696,*ST匹凸,34056.555,34056.555
sh600697,欧亚集团,15515.6015,15908.8075
sh600698,湖南天雁,43123.3736,97181.744
sh600699,均胜电子,68936.98,94928.9
sh600701,工大高新,49878.1936,103473.5218
sh600702,沱牌舍得,33730,33730
sh600703,三安光电,407842.4928,407842.4928
sh600704,物产中大,133769.5404,430668.2417
sh600705,中航资本,761855.1142,897632.5766
sh600706,曲江文旅,17790.8675,17950.9675
sh600707,彩虹股份,73603.7688,73675.7688
sh600708,光明地产,75088.9215,131871.9966
sh600710,ST常林,64028.4,130674.9434
sh600711,盛屯矿业,149705.2305,149705.2305
sh600712,南宁百货,53795.9475,54465.536
sh600713,南京医药,69358.068,89742.5598
sh600714,金瑞矿业,28510.7912,28817.6273
sh600715,文投控股,44851.2,185485.35
sh600716,凤凰股份,91022.0797,93606.059
sh600717,天津港,167476.912,167476.912
sh600719,大连热电,40459.96,40459.96
sh600720,祁连山,77616.2687,77629.0282
sh600721,百花村,24852.4307,40038.6394
sh600722,金牛化工,68031.9676,68031.9676
sh600723,首商股份,65806.9554,65840.7554
sh600724,宁波富达,144494.2664,144524.1071
sh600725,ST云维,123247,123247
sh600726,华电能源,153467.5151,196667.5153
sh600727,鲁北化工,35092.6607,35098.6607
sh600728,佳都科技,132877.8968,159884.4924
sh600729,重庆百货,40642.6465,40652.8465
sh600731,湖南海利,32665.3117,32731.4098
sh600732,ST新梅,44638.308,44638.308
sh600733,S*ST前锋,7560,19758.6
sh600735,新华锦,37599.2296,37599.2296
sh600736,苏州高新,113895.0855,119429.2932
sh600737,中粮糖业,132266.3455,205187.6155
sh600738,兰州民百,36819.8587,78309.5436
sh600739,辽宁成大,136470.9816,152970.9816
sh600740,山西焦化,65683.2758,76570
sh600741,华域汽车,286650.9126,315272.3984
sh600742,一汽富维,42304.68,42304.68
sh600743,华远地产,234610.0874,234610.0874
sh600744,华银电力,82763.4402,178112.4274
sh600745,闻泰科技,48332.035,63726.6387
sh600748,上实发展,140838.2135,184456.2892
sh600750,江中药业,30000,30000
sh600753,东方银星,12800,12800
sh600755,厦门国贸,166496.1009,166496.1009
sh600757,长江传媒,121349.7103,121365.0273
sh600758,红阳能源,56339.5152,133140.8935
sh600759,洲际油气,158082.9309,226350.7518
sh600760,中航黑豹,34494.039,34494.039
sh600761,安徽合力,61681.7335,61681.7335
sh600763,通策医疗,32064,32064
sh600764,中电广通,15341.2034,32972.6984
sh600765,中航重机,77800.32,77800.32
sh600766,园城黄金,22393.2072,22422.6822
sh600767,*ST运盛,34091.0182,34101.0182
sh600768,宁波富邦,13374.72,13374.72
sh600769,祥龙电业,37497.72,37497.72
sh600770,综艺股份,130000,130000
sh600771,广誉远,24380.8438,35311.1304
sh600773,西藏城投,72921.3663,72921.3663
sh600774,汉商集团,17442.9024,17457.5386
sh600776,东方通信,95600.0064,125600.0064
sh600777,新潮能源,237660.846,405123.657
sh600778,友好集团,31108.6712,31149.1352
sh600779,水井坊,48854.5698,48854.5698
sh600780,通宝能源,114650.2523,114650.2523
sh600781,辅仁药业,17759.2864,17759.2864
sh600782,新钢股份,278689.6212,278689.6212
sh600784,鲁银投资,56817.7846,56817.7846
sh600785,新华百货,22563.128,22563.128
sh600789,鲁抗医药,58157.5475,58157.5475
sh600790,轻纺城,104699.352,104699.352
sh600791,京能置业,45231.3696,45288
sh600792,云煤能源,98992.36,98992.36
sh600793,宜宾纸业,10530,10530
sh600794,保税科技,110277.4156,121215.2157
sh600795,国电电力,1965039.7845,1965039.7845
sh600796,钱江生化,30140.2144,30140.2144
sh600797,浙大网新,83074.7042,91404.3256
sh600798,宁波海运,103085.0948,103085.0948
sh600800,天津磁卡,61095.6047,61127.1047
sh600801,华新水泥,97277.1325,149757.1325
sh600802,福建水泥,38187.3666,38187.3666
sh600804,鹏博士,140768.1733,143213.3979
sh600805,悦达投资,84925.3256,85089.4494
sh600808,马钢股份,596775.1186,770068.1186
sh600809,山西汾酒,86584.8266,86584.8266
sh600810,神马股份,44228,44228
sh600812,华北制药,163080.4729,163080.4729
sh600814,杭州解百,31038.3021,71502.6758
sh600815,*ST厦工,95896.9989,95896.9989
sh600816,安信信托,249760.3779,455761.4932
sh600818,中路股份,23795.791,32144.791
sh600819,耀皮玻璃,74741.6067,93491.6069
sh600820,隧道股份,314409.6094,314409.6094
sh600821,津劝业,41626.8225,41626.8225
sh600822,上海物贸,39614.7908,49597.2914
sh600823,世茂股份,375116.8261,375116.8261
sh600824,益民集团,105402.7073,105402.7073
sh600825,新华传媒,104488.785,104488.785
sh600826,兰生股份,42064.2288,42064.2288
sh600827,百联股份,154277.7555,178416.8117
sh600828,茂业商业,56981.7292,173198.2546
sh600829,人民同泰,57988.8597,57988.8597
sh600830,香溢融通,45432.2747,45432.2747
sh600834,申通地铁,47738.1905,47738.1905
sh600835,上海机电,80650.43,102273.9308
sh600836,界龙实业,65302.4094,66275.3072
sh600837,海通证券,809213.118,1150170
sh600838,上海九百,40088.1981,40088.1981
sh600839,四川长虹,461063.43,461624.4222
sh600841,上柴股份,52189.253,86668.983
sh600844,*ST丹科,58482.7012,101652.424
sh600845,宝信软件,52393.193,78324.9172
sh600846,同济科技,62476.1516,62476.1516
sh600847,*ST万里,15328.74,15328.74
sh600848,上海临港,39955.347,111991.9277
sh600850,华东电脑,42088.8164,42088.8164
sh600851,海欣股份,73820.611,120705.6692
sh600854,春兰股份,51945.8538,51945.8538
sh600855,航天长峰,33011.4425,33161.7425
sh600856,中天能源,77103.0388,113433.115
sh600857,宁波中百,22431.9919,22431.9919
sh600858,银座股份,51754.8029,52006.6589
sh600859,王府井,60159.8514,77625.035
sh600860,*ST京城,32200,42200
sh600861,北京城乡,31680.4949,31680.4949
sh600862,中航高科,79031.9855,139304.9107
sh600863,内蒙华电,580774.5,580774.5
sh600864,哈投股份,54637.8196,210851.3762
sh600865,百大集团,37624.0316,37624.0316
sh600866,星湖科技,55039.3465,64539.3465
sh600867,通化东宝,163596.3006,170632.0177
sh600868,梅雁吉祥,189814.8679,189814.8679
sh600869,智慧能源,204182.816,221935.2746
sh600870,厦华电子,52319.9665,52319.9665
sh600871,石化油服,281833.3333,1414266.0995
sh600872,中炬高新,79663.7194,79663.7194
sh600873,梅花生物,310822.6603,310822.6603
sh600874,创业环保,108722.843,142722.843
sh600876,洛阳玻璃,26176.6875,52676.6875
sh600879,航天电子,159570.7908,271927.1284
sh600880,博瑞传播,73336.5115,109333.2092
sh600881,亚泰集团,189473.2058,324891.3588
sh600883,博闻科技,23608.8,23608.8
sh600884,杉杉股份,82171.6494,112276.4986
sh600885,宏发股份,53197.2537,53197.2537
sh600888,新疆众和,83359.3634,83359.3634
sh600889,南京化纤,30706.9284,30706.9284
sh600890,中房股份,57919.4925,57919.4925
sh600891,秋林集团,38405.5051,61758.5803
sh600892,大晟文化,25159.7532,55946.4188
sh600893,航发动力,136750.0875,194871.875
sh600894,广日股份,85994.6895,85994.6895
sh600896,览海投资,57712.8273,86909.9075
sh600898,国美通讯,25252.382,25252.382
sh600908,无锡银行,18481.1482,184811.4814
sh600909,华安证券,80000,362100
sh600917,重庆燃气,15600,155600
sh600919,江苏银行,115445,1154445
sh600926,杭州银行,36645,366442.888
sh600936,广西广电,30000,167102.6239
sh600939,重庆建工,18150,181450
sh600958,东方证券,312615.4848,621545.2011
sh600959,江苏有线,139617.8359,388452.9799
sh600961,株冶集团,52745.7914,52745.7914
sh600962,国投中鲁,25402,26221
sh600963,岳阳林纸,104315.9148,139773.3148
sh600965,福成股份,52800.3281,81870.0955
sh600966,博汇纸业,133684.4288,133684.4288
sh600967,内蒙一机,82282.7999,168963.1817
sh600969,郴电国际,26432.1774,26432.1774
sh600970,中材国际,168321.0707,175425.7928
sh600971,恒源煤电,100000.407,100000.407
sh600973,宝胜股份,89504.1267,122211.2517
sh600975,新五丰,46872.0252,65267.5584
sh600976,健民集团,15329.86,15339.86
sh600977,中国电影,46700,186700
sh600978,宜华生活,148287.0004,148287.0004
sh600979,广安爱众,71789.2146,94789.2146
sh600980,北矿科技,14332.5928,15220.988
sh600981,汇鸿集团,24185.4629,224243.3192
sh600982,宁波热电,67613,74693
sh600984,建设机械,52129.7354,63676.4203
sh600985,雷鸣科化,26285.4744,30015.633
sh600986,科达股份,45237.3293,96280.8133
sh600987,航民股份,63531,63531
sh600988,赤峰黄金,61034.2025,71319.0748
sh600990,四创电子,13670.204,15917.911
sh600992,贵绳股份,24509,24509
sh600993,马应龙,43023.6256,43105.3891
sh600995,文山电力,47852.64,47852.64
sh600996,贵广网络,21000,104256.8441
sh600998,九州通,163112.6893,169565.8398
sh600999,招商证券,490369.9507,669940.9329
sh601000,唐山港,401588.4881,455840.6626
sh601001,大同煤业,167370,167370
sh601002,晋亿实业,79269,79269
sh601003,柳钢股份,256279.32,256279.32
sh601006,大秦铁路,1486679.1491,1486679.1491
sh601007,金陵饭店,30000,30000
sh601008,连云港,101521.5101,101521.5101
sh601009,南京银行,576393.0865,605871.9946
sh601010,文峰股份,184800,184800
sh601011,宝泰隆,130874.5595,136750
sh601012,隆基股份,175638.4005,199589.0829
sh601015,陕西黑猫,44400,93000
sh601016,节能风电,223556,415556
sh601018,宁波港,1280000,1317284.7809
sh601020,华钰矿业,28264.665,52567.66
sh601021,春秋航空,20000,80058
sh601028,玉龙股份,78302.576,78466.476
sh601038,一拖股份,59391,98585
sh601069,西部黄金,18975,63600
sh601088,中国神华,1649103.7955,1988962.0455
sh601098,中南传媒,179600,179600
sh601099,太平洋,647881.637,681631.637
sh601100,恒立液压,63000,63000
sh601101,昊华能源,119999.8272,119999.8272
sh601106,*ST一重,653800,653800
sh601116,三江购物,41075.88,41075.88
sh601117,中国化学,493300,493300
sh601118,海南橡胶,393117.16,393117.16
sh601127,小康股份,18000,89250
sh601128,常熟银行,22227.2797,222272.7969
sh601137,博威合金,43000,62721.9708
sh601155,新城控股,70468.4186,225848.4186
sh601158,重庆水务,480000,480000
sh601163,三角轮胎,20000,80000
sh601166,兴业银行,1905233.6751,2077419.0751
sh601168,西部矿业,238300,238300
sh601177,杭齿前进,40006,40006
sh601186,中国铁建,1150324.55,1357954.15
sh601188,龙江交通,131587.8571,131587.8571
sh601198,东兴证券,100400,275796.0657
sh601199,江南水务,93520.6475,93520.6475
sh601208,东材科技,62660.1,62660.1
sh601211,国泰君安,473269.035,871393.38
sh601212,白银有色,69800,697296.5867
sh601216,君正集团,843801.739,843801.739
sh601218,吉鑫科技,99176,99176
sh601222,林洋能源,174253.1819,176409.1819
sh601225,陕西煤业,1000000,1000000
sh601226,华电重工,40500,115500
sh601228,广州港,69868,619318
sh601229,上海银行,60045,600445
sh601231,环旭电子,217592.358,217592.358
sh601233,桐昆股份,120510.2669,123193.63
sh601238,广汽集团,428715.5575,650045.5793
sh601258,庞大集团,653847.8402,667466.3402
sh601311,骆驼股份,84839.575,84839.575
sh601313,江南嘉捷,39718.2443,39718.2443
sh601318,中国平安,1083266.4498,1828024.141
sh601328,交通银行,3925086.4015,7426272.6645
sh601333,广深铁路,565223.7,708353.7
sh601336,新华保险,208543.934,311954.66
sh601339,百隆东方,150000,150000
sh601366,利群股份,17600,86050.046
sh601368,绿城水务,29420.2725,73581.0898
sh601369,陕鼓动力,163877.0233,163877.0233
sh601375,中原证券,69998.2485,392373.47
sh601377,兴业证券,669667.1674,669667.1674
sh601388,怡球资源,202540,202540
sh601500,通用股份,17491.9085,72691.9085
sh601515,东风股份,111200,111200
sh601518,吉林高速,121320,121320
sh601519,*ST智慧,198770,198770
sh601555,东吴证券,289100,300000
sh601558,*ST锐电,566220,603060
sh601566,九牧王,57463.715,57463.715
sh601567,三星医疗,123556.1714,141880.6914
sh601579,会稽山,24800,49736
sh601588,北辰实业,266000,336702
sh601595,上海电影,9350,37350
sh601599,鹿港文化,85295.35,89406.8404
sh601600,中国铝业,1095983.2268,1490379.8236
sh601601,中国太保,628670,906200
sh601607,上海医药,192293.5018,268891.0538
sh601608,中信重工,427978.5484,433941.9293
sh601611,中国核建,96180,262500
sh601616,广电电气,93557.5,93557.5
sh601618,中国中冶,1623900,2072361.917
sh601628,中国人寿,2082353,2826470.5
sh601633,长城汽车,602772.9,912726.9
sh601636,旗滨集团,247163.975,268443.794
sh601666,平煤股份,236116.4982,236116.4982
sh601668,中国建筑,2968668.5593,3000000
sh601669,中国电建,960000,1529903.5024
sh601677,明泰铝业,47772.92,51329.6
sh601678,滨化股份,118800,118800
sh601688,华泰证券,544372.312,716276.88
sh601689,拓普集团,17070,72757.7758
sh601699,潞安环能,299140.92,299140.92
sh601700,风范股份,113323.2,113323.2
sh601717,郑煤机,137788.78,173247.137
sh601718,际华集团,385700,439162.9404
sh601727,上海电气,985140.2937,1343115.8307
sh601766,中国中车,2291769.2293,2869886.4088
sh601777,力帆股份,123663.3379,125635.3379
sh601788,光大证券,390669.8839,461078.7639
sh601789,宁波建工,97608,97608
sh601798,蓝科高新,35452.8198,35452.8198
sh601799,星宇股份,23965,27615.5232
sh601800,中国交建,1174723.5425,1617473.5425
sh601808,中海油服,296046.8,477159.2
sh601811,新华文轩,9871,123384.1
sh601818,光大银行,3981035.95,4667909.5
sh601857,中国石油,16192207.7818,18302097.7818
sh601858,中国科传,13050,79050
sh601872,招商轮船,472092.1809,529945.8112
sh601878,浙商证券,33333.34,333333.34
sh601880,大连港,773582,1289453.5999
sh601882,海天精工,5220,52200
sh601886,江河集团,115405,115405
sh601888,中国国旅,195247.5544,195247.5544
sh601890,亚星锚链,95940,95940
sh601898,中煤能源,915200.04,1325866.34
sh601899,紫金矿业,1580380.365,2303121.8891
sh601900,南方传媒,17560,81910
sh601901,方正证券,628985.0536,823210.1395
sh601908,京运通,199301.7701,199681.7701
sh601918,新集能源,259054.18,259054.18
sh601928,凤凰传媒,254490,254490
sh601929,吉视传媒,311080.1192,311080.1192
sh601933,永辉超市,650887.128,957046.2108
sh601952,苏垦农发,26000,106000
sh601958,金钼股份,322660.44,322660.44
sh601965,中国汽研,96117.9867,96117.9867
sh601966,玲珑轮胎,20000,120000
sh601968,宝钢包装,31333.33,83333.33
sh601985,中国核电,422965,1556543
sh601989,中国重工,1836166.5066,1907989.7108
sh601991,大唐发电,999436,1331003.7578
sh601992,金隅股份,814523.902,1067777.1134
sh601997,贵阳银行,50000,229859.19
sh601998,中信银行,3190516.4057,4893479.6573
sh601999,出版传媒,55091.47,55091.47
sh603001,奥康国际,40098,40098
sh603002,宏昌电子,60558.468,61441.17
sh603003,龙宇燃油,20200,44111.4597
sh603005,晶方科技,17164.8679,23270.6955
sh603006,联明股份,6991.38,19283.5586
sh603007,花王股份,8337.5,33337.5
sh603008,喜临门,31500,39425.7787
sh603009,北特科技,5455.0706,13126.1557
sh603010,万盛股份,10480.052,25439.1982
sh603011,合锻智能,21170,44619.8794
sh603012,创力集团,42383.4064,63656
sh603015,弘讯科技,16020,40587
sh603016,新宏泰,3705,14816
sh603017,中衡设计,12113.7616,27537.3728
sh603018,中设集团,12586.587,21151.76
sh603019,中科曙光,40175.4846,64302.397
sh603020,爱普股份,19346,32000
sh603021,山东华鹏,20783.1874,31994.807
sh603022,新通联,6500,20000
sh603023,威帝股份,12701.7,36000
sh603025,大豪科技,5100,44700
sh603026,石大胜华,14042.7554,20268
sh603027,千禾味业,13319.0272,32000
sh603028,赛福天,11556.8663,22080
sh603029,天鹅股份,3652.546,9334
sh603030,全筑股份,19306.596,53865.9333
sh603031,安德利,2000,8000
sh603032,德新交运,3334,13334
sh603033,三维股份,3178,12698
sh603035,常熟汽饰,7000,28000
sh603036,如通股份,5084,20336
sh603037,凯众股份,2600,10400
sh603038,华立股份,1670,6670
sh603039,泛微网络,1667,6667
sh603040,新坐标,1500,6000
sh603041,美思德,2500,10000
sh603043,广州酒家,5000,40399.6184
sh603050,科林电气,3334,13334
sh603058,永吉股份,4216,42156
sh603060,国检集团,5500,22000
sh603067,振华股份,5500,22000
sh603069,海汽集团,7900,31600
sh603078,江化微,1500,6000
sh603081,大丰实业,5180,40180
sh603085,天成自控,5750,22383.5486
sh603086,先达股份,2000,8000
sh603088,宁波精达,2500,8000
sh603089,正裕工业,2667,10667
sh603090,宏盛股份,2500,10000
sh603098,森特股份,6251,40001
sh603099,长白山,10267,26667
sh603100,川仪股份,23138.1386,39500
sh603101,汇嘉时代,7200,24000
sh603108,润达医疗,22185.9708,57953.4079
sh603111,康尼机电,38363,73838.325
sh603113,金能科技,7730,67593.9455
sh603116,红蜻蜓,18070.571,40880
sh603117,万林股份,23510.4992,46232.0932
sh603118,共进股份,37150.124,78295.4832
sh603123,翠微股份,36839.4889,52414.4222
sh603126,中材节能,21804,61050
sh603128,华贸物流,82385.4298,100541.5153
sh603131,上海沪工,5000,20000
sh603133,碳元科技,5200,20800
sh603138,海量数据,2665,10660
sh603139,康惠制药,2497,9988
sh603158,腾龙股份,10334.24,21881.1
sh603159,上海亚虹,2500,10000
sh603160,汇顶科技,4500,44500
sh603165,荣晟环保,3168,12668
sh603166,福达股份,14986.791,59201.871
sh603167,渤海轮渡,48140,48140
sh603168,莎普爱思,14084.84,24814.8076
sh603169,兰石重装,46627.1154,102541.557
sh603177,德创环保,5050,20200
sh603178,圣龙股份,5000,20000
sh603179,新泉股份,3985,15940
sh603180,金牌厨柜,1700,6700
sh603186,华正新材,3235,12935
sh603188,亚邦股份,37900.8,57600
sh603189,网达软件,5520,22080
sh603196,日播时尚,6000,24000
sh603197,保隆科技,2928,11710.0755
sh603198,迎驾贡酒,16640,80000
sh603199,九华旅游,7294.43,11068
sh603200,上海洗霸,1843,7372
sh603203,快克股份,2990,11960
sh603208,江山欧派,2021,8081.6061
sh603218,日月股份,4100,40100
sh603222,济民制药,11294,32000
sh603223,恒通股份,7900.0009,12000
sh603225,新凤鸣,7730,60200
sh603226,菲林格尔,2167,8667
sh603227,雪峰科技,42154,65870
sh603228,景旺电子,4800,40800
sh603229,奥翔药业,4000,16000
sh603232,格尔软件,1525,6100
sh603238,诺邦股份,3000,12000
sh603239,浙江仙通,6768,27072
sh603258,电魂网络,6000,24000
sh603266,天龙股份,2500,10000
sh603268,松发股份,4114,8800
sh603269,海鸥股份,2287,9147
sh603286,日盈电子,2201.9,8807.6
sh603288,海天味业,269688.67,270495.07
sh603298,杭叉集团,8666,61885.418
sh603299,井神股份,27930.0905,55944
sh603300,华铁科技,27811.4,40534
sh603303,得邦照明,6000,24000
sh603306,华懋科技,7374.75,21390
sh603308,应流股份,40001,43375.4341
sh603309,维力医疗,7700,20000
sh603311,金海环境,9300.6264,21000
sh603313,梦百合,6000,24000
sh603315,福鞍股份,7786.25,20000
sh603316,诚邦股份,5082,20328
sh603318,派思股份,10620,36525
sh603319,湘油泵,2023,8092
sh603320,迪贝电气,2500,10000
sh603322,超讯通信,2000,8000
sh603323,吴江银行,11150,111391.102
sh603326,我乐家居,4000,16000
sh603328,依顿电子,20341.776,99665.16
sh603330,上海天洋,1500,6000
sh603333,明星电缆,52000.5,52000.5
sh603335,迪生力,6334,25334
sh603336,宏辉果蔬,3335,13335
sh603338,浙江鼎力,4622.5,16250
sh603339,四方冷链,5680,21024.625
sh603345,安井食品,5401,21604
sh603355,莱克电气,6669,40100
sh603358,华达科技,4000,16000
sh603360,百傲化学,3334,13334
sh603366,日出东方,80000,80000
sh603368,柳州医药,7459.9132,18505.2458
sh603369,今世缘,68075,125450
sh603377,东方时尚,11775.625,42000
sh603380,易德龙,4000,16000
sh603383,顶点软件,2105,8419
sh603385,惠达卫浴,7104,28415.1111
sh603388,元成股份,2500,10000
sh603389,亚振家居,5474.95,21896
sh603393,新天然气,4000,16000
sh603398,邦宝益智,5280,21120
sh603416,信捷电气,3514,14056
sh603421,鼎信通讯,4340,43340
sh603429,集友股份,1700,6800
sh603444,吉比特,1780,7173.9881
sh603456,九洲药业,14326.6206,44314.6206
sh603488,展鹏科技,5200,20800
sh603496,恒为科技,2500,10000
sh603501,韦尔股份,4160,41600
sh603505,金石资源,6000,24000
sh603508,思维列控,6520,16000
sh603515,欧普照明,5800,57947.9104
sh603517,绝味食品,5000,41000
sh603518,维格娜丝,5562.76,14798
sh603519,立霸股份,7687.96,16000
sh603520,司太立,6465,12000
sh603528,多伦科技,18759,62004
sh603536,惠发股份,3000,12000
sh603538,美诺华,3000,12000
sh603555,贵人鸟,61400,62860.2143
sh603556,海兴电力,9334,38052.7
sh603558,健盛集团,11550,37050
sh603559,中通国脉,3300,13200
sh603566,普莱柯,16211.818,32374
sh603567,珍宝岛,27316,84916
sh603568,伟明环保,13063.8,68721
sh603569,长久物流,4001,40001
sh603577,汇金通,2918,11668
sh603578,三星新材,2200,8800
sh603579,荣泰健康,1750,7000
sh603580,艾艾精工,1667,6667
sh603585,苏利股份,3750,15000
sh603586,金麒麟,5250,20937
sh603588,高能环境,48551.2648,66219.0954
sh603589,口子窖,29352.4395,60000
sh603598,引力传媒,9736,27111.3
sh603599,广信股份,13648,37648
sh603600,永艺股份,10468.75,25000
sh603601,再升科技,21336.326,38615.126
sh603603,博天环境,4001,40001
sh603606,东方电缆,13923.8,31097
sh603608,天创时尚,12740,39200
sh603609,禾丰牧业,41839.1867,83117.6469
sh603611,诺力股份,9302.5,18583.7539
sh603615,茶花股份,6000,24000
sh603616,韩建河山,14736,29336
sh603618,杭电股份,26325,68687.8908
sh603626,科森科技,5266.67,21066.67
sh603628,清源股份,6845,27380
sh603630,拉芳家化,4359.99,17440
sh603633,徕木股份,3009,12035
sh603636,南威软件,17038.3,40683.152
sh603637,镇海股份,3324.919,13299.6616
sh603638,艾迪精密,4400,17600
sh603639,海利尔,3000,12000
sh603656,泰禾光电,2658.6,10634.4
sh603658,安图生物,4200,42000
sh603660,苏州科达,5000,25000
sh603663,三祥新材,3355,13415
sh603665,康隆达,2500,10000
sh603667,五洲新春,5060,20240
sh603668,天马科技,7420,29680
sh603669,灵康药业,8645,26000
sh603677,奇精机械,3400,13600
sh603678,火炬电子,20174.922,45266.595
sh603679,华体科技,2500,10000
sh603686,龙马环卫,10794.5,27235
sh603688,石英股份,12024,33733.8
sh603689,皖天然气,8400,33600
sh603690,至纯科技,5200,20800
sh603696,安记食品,3450,12000
sh603698,航天工程,8877.0588,41230
sh603699,纽威股份,75000,75000
sh603701,德宏股份,4880,9800
sh603703,盛洋科技,9591.875,22970
sh603708,家家悦,11700,46800
sh603716,塞力斯,1274,5094
sh603717,天域生态,4317.79,17271.16
sh603718,海利生物,30493.4,64400
sh603726,朗迪集团,2368,9472
sh603727,博迈科,5870,23414.5
sh603728,鸣志电器,8000,32000
sh603729,龙韵股份,3610,6667
sh603737,三棵树,3022.0963,10000
sh603738,泰晶科技,2835.6,11335.6
sh603758,秦安股份,6000,43879.7049
sh603766,隆鑫通用,207750.4575,211290.295
sh603767,中马传动,5333,21332
sh603768,常青股份,5100,20400
sh603777,来伊份,6000,24000
sh603778,乾景园林,22620.4093,50000
sh603779,威龙股份,9260.575,20020
sh603787,新日股份,5100,20400
sh603788,宁波高发,4899.6,14140
sh603789,星光农机,8000,20150.8
sh603797,联泰环保,5334,21334
sh603798,康普顿,8540,20000
sh603799,华友钴业,27127.2,59267.6632
sh603800,道森股份,6760,20800
sh603801,志邦股份,4000,16000
sh603803,瑞斯康达,5680,42105.5557
sh603806,福斯特,9021,40200
sh603808,歌力思,8303.8605,25946.305
sh603811,诚意药业,2130,8520
sh603816,顾家家居,8250,41250
sh603817,海峡环保,11250,45000
sh603818,曲美家居,13160.8,48412
sh603819,神力股份,3000,12000
sh603822,嘉澳环保,4060,7335
sh603823,百合花,4500,22500
sh603826,坤彩科技,9000,36000
sh603828,柯利达,6012,18509.85
sh603833,欧派家居,4151,41509.1112
sh603838,四通股份,9728,26668
sh603839,安正时尚,7126,28504
sh603843,正平股份,9970,40000.3
sh603855,华荣股份,8277,33107
sh603858,步长制药,6980,68180
sh603859,能科股份,2839,11356
sh603866,桃李面包,5917.734,45012.6
sh603868,飞科电器,4360,43560
sh603869,北部湾旅,7287.288,34880.6268
sh603877,太平鸟,5500,47500
sh603878,武进不锈,5050,20200
sh603879,永悦科技,3600,14400
sh603881,数据港,5265,21058.6508
sh603883,老百姓,8412.3241,26700
sh603885,吉祥航空,53701.3477,179701.3477
sh603886,元祖股份,6000,24000
sh603887,城地股份,2460,9810
sh603888,新华网,12975.734,51902.936
sh603889,新澳股份,14194.115,32516
sh603896,寿仙谷,3495,13980
sh603898,好莱客,8900.4,29990
sh603899,晨光文具,22400,92000
sh603900,通灵珠宝,6079.89,24319.56
sh603901,永创智能,15400,40000
sh603903,中持股份,2560.95,10243.8
sh603906,龙蟠科技,5200,20800
sh603908,牧高笛,1669,6669
sh603909,合诚股份,2500,10000
sh603918,金桥信息,12334.4,17732.5
sh603919,金徽酒,11583.845,36400
sh603920,世运电路,8880,40180
sh603926,铁流股份,3000,12000
sh603928,兴业股份,5040,20160
sh603929,亚翔集成,5336,21336
sh603936,博敏电子,5610,16735
sh603938,三孚股份,3755.66,15016.66
sh603939,益丰药房,15600.8,36269.4658
sh603955,大千生态,2175,8700
sh603958,哈森股份,6599.8996,21736
sh603959,百利科技,10640,22400
sh603960,克来机电,2000,8000
sh603966,法兰泰克,4000,16000
sh603968,醋化股份,13660,20448
sh603969,银龙股份,15263.05,40000
sh603977,国泰集团,5528,22108
sh603979,金诚信,18704.64,45000
sh603980,吉华集团,10000,50000
sh603985,恒润股份,2000,8000
sh603986,兆易创新,5000,20269.3994
sh603987,康德莱,7890,31543.5
sh603988,中电电机,2240,8000
sh603989,艾华集团,8437.5,30000
sh603990,麦迪科技,2000,8092.93
sh603991,至正股份,1870,7453.4998
sh603993,洛阳钼业,1295373.0699,1688719.8699
sh603996,中新科技,10327.5,30015
sh603997,继峰股份,17100,63000
sh603998,方盛制药,26917.722,43300.672
sh603999,读者传媒,11520,28800
sz000001,平安银行,1691800.7238,1717041.1366
sz000002,万 科Ａ,972419.6533,1103915.2001
sz000005,世纪星源,95122.246,105853.6842
sz000006,深振业Ａ,134999.5046,134999.5046
sz000008,神州高铁,205447.2261,280907.8279
sz000009,中国宝安,212092.5476,214934.4971
sz000010,美丽生态,52217.1498,81985.4713
sz000012,南 玻Ａ,131275.1568,207533.556
sz000014,沙河股份,20170.5187,20170.5187
sz000016,深康佳Ａ,159659.38,240794.5408
sz000017,深中华A,30298.4965,55134.7947
sz000018,神州长城,75418.4019,169824.5011
sz000019,深深宝Ａ,41621.6407,49207.7823
sz000020,深华发Ａ,18116.5391,28316.1227
sz000021,深科技,147125.9363,147125.9363
sz000022,深赤湾Ａ,46522.4413,64476.373
sz000023,深天地Ａ,13875.624,13875.624
sz000026,飞亚达Ａ,35709.6881,43874.4881
sz000027,深圳能源,396449.1597,396449.1597
sz000028,国药一致,30774.6343,42812.6983
sz000029,深深房Ａ,89166,101166
sz000030,富奥股份,125909.514,129325.1508
sz000032,深桑达Ａ,27943.7184,42225.4134
sz000034,神州数码,35796.9933,65407.0434
sz000035,中国天楹,123855.7742,123855.7742
sz000036,华联控股,112862.7712,114148.7712
sz000037,深南电A,33890.815,60276.2596
sz000038,深大通,5492.6993,32673.5887
sz000039,中集集团,126377.6177,298035.2786
sz000042,中洲控股,48799.648,66483.1139
sz000043,中航地产,66696.1416,66696.1416
sz000045,深纺织Ａ,45709.1599,50652.1849
sz000048,康达尔,38735.7522,39076.8671
sz000049,德赛电池,20524.3738,20524.3738
sz000050,深天马Ａ,121253.7023,140109.8744
sz000055,方大集团,63143.8076,118364.2254
sz000056,皇庭国际,28692.8214,114778.4868
sz000058,深 赛 格,53833.7692,123565.6249
sz000059,华锦股份,139997.4452,159944.2537
sz000060,中金岭南,221262.7938,221262.7938
sz000061,农 产 品,169696.4131,169696.4131
sz000062,深圳华强,66694.9797,72131.6774
sz000063,中兴通讯,343451.1996,419001.453
sz000068,华控赛格,89667.1464,100667.1464
sz000069,华侨城Ａ,613319.037,820568.1415
sz000070,特发信息,54200,62699.4746
sz000078,海王生物,186581.7137,264821.0757
sz000088,盐 田 港,194220,194220
sz000089,深圳机场,205076.9509,205076.9509
sz000090,天健集团,77354.3111,119778.5535
sz000096,广聚能源,51084.8,52800
sz000099,中信海直,60607.042,60607.042
sz000100,TCL 集团,948609.3231,1221368.1742
sz000150,宜华健康,35393.2751,44780.4877
sz000151,中成股份,26654.3967,29598
sz000153,丰原药业,31197.723,31214.123
sz000156,华数传媒,99362.4337,143335.1902
sz000158,常山股份,78093.4038,127144.2278
sz000159,国际实业,48113.9294,48113.9294
sz000166,申万宏源,738287.2859,2005660.5718
sz000301,东方市场,121823.6445,121823.6445
sz000400,许继电气,100832.7309,100832.7309
sz000401,冀东水泥,134724.0314,134752.2914
sz000402,金 融 街,298892.9907,298892.9907
sz000404,华意压缩,69599.5979,69599.5979
sz000407,胜利股份,67477.6917,88008.4656
sz000408,藏格控股,25230.15,207223.1638
sz000411,英特集团,20735.0946,20744.9946
sz000413,东旭光电,298976.5885,493992.8983
sz000416,民生控股,53168.0754,53187.1494
sz000417,合肥百货,77902.7451,77988.42
sz000418,小天鹅Ａ,43853.5172,63248.7764
sz000419,通程控股,54358.2655,54358.2655
sz000420,吉林化纤,98663.2702,197070.6656
sz000421,南京公用,39230.91,57264.6934
sz000422,湖北宜化,89786.6712,89786.6712
sz000423,东阿阿胶,65402.1537,65402.1537
sz000428,华天酒店,71892.6,101892.6
sz000429,粤高速Ａ,46897.8228,209080.6126
sz000430,张家界,20903.3647,32083.5149
sz000488,晨鸣纸业,111327.8456,193640.5467
sz000498,山东路桥,35417.0133,112013.9063
sz000501,鄂武商Ａ,66876.55,76938.4681
sz000502,绿景控股,18332.9607,18481.9607
sz000503,海虹控股,89877.9932,89882.2204
sz000505,珠江控股,36047.0904,42674.5404
sz000506,中润资源,92867.0961,92901.7761
sz000507,珠海港,77216.0479,78954.0919
sz000509,华塑控股,82548.3117,82548.3117
sz000510,金路集团,60912.547,60918.2254
sz000513,丽珠集团,23909.874,42556.2592
sz000514,渝 开 发,84377.0965,84377.0965
sz000516,国际医学,197055.7392,197104.9302
sz000517,荣安地产,318226.7277,318392.2485
sz000519,中兵红箭,58286.7108,140346.1644
sz000521,美菱电器,59612.0032,104459.7881
sz000523,广州浪奇,44620.7556,52294.4271
sz000525,红 太 阳,50698.3093,58077.2873
sz000526,*ST紫学,9619.5107,9619.5107
sz000528,柳 工,112524.2136,112524.2136
sz000530,大冷股份,59055.5081,85648.7181
sz000531,穗恒运Ａ,68508.282,68508.282
sz000533,万 家 乐,68490.24,69081.6
sz000534,万泽股份,49178.5096,49178.5096
sz000536,华映科技,124332.4682,276603.2803
sz000537,广宇发展,51271.7581,51271.7581
sz000538,云南白药,104139.9718,104139.9718
sz000540,中天金融,397365.9762,469977.1436
sz000541,佛山照明,98360.0874,127213.2868
sz000544,中原环保,26945.9799,64978.9659
sz000545,金浦钛业,95940.3096,98683.3096
sz000547,航天发展,90124.7713,142962.8897
sz000548,湖南投资,49921.5811,49921.5811
sz000551,创元科技,40008.0405,40008.0405
sz000552,靖远煤电,155743.8726,228697.105
sz000553,沙隆达Ａ,36392.322,59392.322
sz000554,泰山石油,36265.32,48079.332
sz000555,神州信息,88628.9328,96343.1273
sz000557,西部创业,58524.5214,145837.4735
sz000558,莱茵体育,114712.575,128922.3949
sz000559,万向钱潮,275315.9454,275315.9454
sz000560,昆百大Ａ,41593.9124,117023.5934
sz000561,烽火电子,59400.8701,59584.4701
sz000563,陕国投Ａ,286186.3634,309049.1732
sz000565,渝三峡Ａ,43359.222,43359.222
sz000566,海南海药,99006.9432,133597.9264
sz000568,泸州老窖,140225.2476,140225.2476
sz000570,苏常柴Ａ,41137.4326,56137.4326
sz000572,海马汽车,164215.5224,164463.6426
sz000576,广东甘化,44019.2446,44286.1324
sz000581,威孚高科,83657.057,100895.057
sz000582,北部湾港,26317.8119,124025.9436
sz000584,哈工智能,61137.4181,61332.4339
sz000585,东北电气,60942.0978,87337
sz000586,汇源通信,19344,19344
sz000587,金洲慈航,57611.6262,106187.4665
sz000589,黔轮胎Ａ,77546.4304,77546.4304
sz000590,启迪古汉,22323.6227,23947.1267
sz000591,太阳能,184871.0441,300709.8032
sz000592,平潭发展,191373.2882,193178.0892
sz000595,*ST宝实,49540,74488.025
sz000596,古井贡酒,38360,50360
sz000597,东北制药,43934.817,47465.5068
sz000598,兴蓉环境,298621.8602,298621.8602
sz000600,建投能源,109005.0876,179162.6376
sz000601,韶能股份,108055.1669,108055.1669
sz000603,盛达矿业,46196.2167,72262.5223
sz000605,渤海股份,12323.0586,25189.9
sz000606,神州易桥,47211.36,76579.9353
sz000607,华媒控股,48773.1995,101769.841
sz000608,阳光股份,74991.3309,74991.3309
sz000609,绵石投资,28846.4509,29922.5522
sz000610,西安旅游,23531.9844,23674.7901
sz000612,焦作万方,100198.3156,119219.9394
sz000613,*ST东海A,26564.56,36410
sz000615,京汉股份,35429.6443,78025.055
sz000616,海航投资,143023.4425,143023.4425
sz000617,中油资本,11501.568,903005.6485
sz000619,海螺型材,36000,36000
sz000620,新华联,183694.6466,189669.042
sz000622,恒立实业,42522.6,42522.6
sz000623,吉林敖东,107472.3154,116276.9962
sz000627,天茂集团,135358.9866,425919.4566
sz000628,高新发展,18798.388,31148
sz000629,*ST钒钛,476734.2665,858974.6202
sz000630,铜陵有色,956064.3685,1052653.3308
sz000631,顺发恒业,243251.9168,243251.9168
sz000633,合金投资,38510.6373,38510.6373
sz000635,英 力 特,30308.7602,30308.7602
sz000636,风华高科,81255.5119,89523.3111
sz000637,茂化实华,36650.208,51987.5356
sz000638,万方发展,30940,30940
sz000639,西王食品,37664.5668,45453.0468
sz000650,仁和药业,123834.0076,123834.0076
sz000655,金岭矿业,59534.023,59534.023
sz000656,金科股份,417945.2653,534336.8316
sz000659,*ST中富,128570.252,128570.252
sz000661,长春高新,17011.2265,17011.2265
sz000662,天夏智慧,28798.92,84084.4445
sz000663,永安林业,18927.8389,34098.8702
sz000665,湖北广电,46107.0215,63621.7448
sz000666,经纬纺机,29373.8069,70413
sz000667,美好置业,255959.2332,255959.2332
sz000668,荣丰控股,14668.8393,14684.189
sz000669,金鸿能源,48600.6284,48600.6284
sz000670,盈方微,60181.9536,81662.736
sz000671,阳 光 城,330738.055,405007.3315
sz000672,上峰水泥,81361.9871,81361.9871
sz000673,当代东方,41616,79333.4978
sz000676,智度股份,31648.9122,96571.0782
sz000677,恒天海龙,86397.7948,86397.7948
sz000678,襄阳轴承,42907.9797,45961.1797
sz000681,视觉中国,27987.2323,70057.7436
sz000682,东方电子,97816.3195,97816.3195
sz000683,远兴能源,209276.1878,390077.2992
sz000685,中山公用,107101.8036,147511.1351
sz000686,东北证券,209047.8362,234045.2915
sz000687,华讯方舟,53167.266,75736.8462
sz000688,建新矿业,113729.4994,113729.9314
sz000690,宝新能源,213096.0326,217588.7862
sz000691,ST亚太,29048.63,32327
sz000692,惠天热电,53283.2976,53283.2976
sz000695,滨海能源,22172.1339,22214.7539
sz000697,炼石有色,55968.0049,55968.0049
sz000698,沈阳化工,43239.9572,81951.4395
sz000700,模塑科技,69738.3762,71720.7902
sz000701,厦门信达,37789.4352,40661.3056
sz000702,正虹科技,26663.4576,26663.4576
sz000703,恒逸石化,115358.7626,164842.4362
sz000705,浙江震元,28204.8326,33412.3286
sz000708,大冶特钢,44940.848,44940.848
sz000709,河钢股份,1061690.0588,1061860.7852
sz000710,贝瑞基因,15120,15120
sz000711,京蓝科技,32179.68,65118.9032
sz000712,锦龙股份,89600,89600
sz000713,丰乐种业,29887.5968,29887.5968
sz000715,中兴商业,27856.5594,27900.6
sz000716,黑芝麻,58579.9574,63760.4444
sz000717,韶钢松山,241952.441,241952.441
sz000718,苏宁环球,302325.1778,303463.6384
sz000719,大地传媒,66714.7543,102320.3749
sz000720,新能泰山,86346,86346
sz000721,西安饮食,43590.292,49905.592
sz000722,湖南发展,46415.8282,46415.8282
sz000723,美锦能源,93013.3422,410593.2102
sz000725,京东方Ａ,3395097.7574,3515306.7743
sz000726,鲁 泰Ａ,56198.48,92260.2311
sz000727,华东科技,244245.264,452956.698
sz000728,国元证券,294615,294615
sz000729,燕京啤酒,250962.4667,281853.9341
sz000731,四川美丰,59148.4352,59148.4352
sz000733,振华科技,46934.2218,46934.2218
sz000735,罗 牛 山,106023.0684,115151.3578
sz000736,中房地产,29719.3885,29719.3885
sz000737,南风化工,54876,54876
sz000738,航发控制,114564.2349,114564.2349
sz000739,普洛药业,106009.2451,114686.931
sz000750,国海证券,421554.1972,421554.1972
sz000751,锌业股份,140986.9279,140986.9279
sz000752,西藏发展,26375.8491,26375.8491
sz000753,漳州发展,81935.5295,99148.1071
sz000755,*ST三维,46926.4621,46926.4621
sz000756,新华制药,30731.283,45731.283
sz000757,浩物股份,36633.3256,45162.1156
sz000758,中色股份,196937.8424,196937.8424
sz000759,中百集团,68069.8039,68102.15
sz000760,斯太尔,65444.4268,78849.4628
sz000761,本钢板材,273600,313600
sz000762,西藏矿业,47597.4877,52081.924
sz000766,通化金马,44901.6276,96649.4707
sz000767,漳泽电力,225373.78,307694.2219
sz000768,中航飞机,276864.5071,276864.5071
sz000776,广发证券,591929.1464,762108.7664
sz000777,中核科技,38341.7593,38341.7593
sz000778,新兴铸管,364330.7361,399088.0176
sz000779,三毛派神,18644.102,18644.102
sz000780,*ST平能,101430.6324,101430.6324
sz000782,美达股份,32269.5068,52813.9623
sz000783,长江证券,474246.7678,552946.7678
sz000785,武汉中商,25109.3698,25122.1698
sz000786,北新建材,137765.5722,178857.9717
sz000788,北大医药,55877.6361,59598.7425
sz000789,万年青,61336.4368,61336.4368
sz000790,泰合健康,43102.1374,43102.1374
sz000791,甘肃电投,97112.62,97112.62
sz000792,盐湖股份,274989.9995,278609.0601
sz000793,华闻传媒,184153.5203,201736.5965
sz000795,英洛华,65279.2336,113368.4103
sz000796,凯撒旅游,24654.2015,80300.0258
sz000797,中国武夷,85641.1904,99959.614
sz000798,中水渔业,31945.5,31945.5
sz000799,酒鬼酒,22420.1689,32492.898
sz000800,一汽轿车,141175.4078,162750
sz000802,北京文化,38179.036,72625.0255
sz000803,*ST金宇,12773.0893,12773.0893
sz000806,银河生物,69844.8301,109991.1762
sz000807,云铝股份,172201.9431,260683.8797
sz000809,*ST新城,82479.1293,82479.1293
sz000810,创维数字,42295.6373,103455.828
sz000811,烟台冰轮,40324.7936,43536.9434
sz000812,陕西金叶,44737.5651,44737.5651
sz000813,德展健康,58874.3051,224148.18
sz000815,美利云,31680,69526.3035
sz000816,智慧农业,133630.3318,141880.3318
sz000818,方大化工,69164.344,69164.344
sz000819,岳阳兴长,27133.81,27133.81
sz000820,神雾节能,22087.7211,63724.5222
sz000821,京山轻机,34523.8781,47773.2636
sz000822,山东海化,89509.1926,89509.1926
sz000823,超声电子,53696.6,53696.6
sz000825,太钢不锈,569624.7796,569624.7796
sz000826,启迪桑德,85429.758,85429.758
sz000828,东莞控股,103951.6992,103951.6992
sz000830,鲁西化工,146486.0778,146486.0778
sz000831,五矿稀土,98088.8981,98088.8981
sz000833,贵糖股份,37808.8877,66840.1851
sz000835,长城动漫,30537,32676.0374
sz000836,鑫茂科技,118265.5224,120845.5224
sz000837,秦川机床,48167.5308,69337.091
sz000838,财信发展,63349.902,110046.217
sz000839,中信国安,391982.6352,391982.6352
sz000848,承德露露,97856.2728,97856.2728
sz000850,华茂股份,94366.5009,94366.5009
sz000851,高鸿股份,51966.2467,63210.5028
sz000852,石化机械,59815.769,59815.769
sz000856,冀东装备,22700,22700
sz000858,五 粮 液,379596.672,379596.672
sz000859,国风塑业,73944.973,73944.973
sz000860,顺鑫农业,57058.9992,57058.9992
sz000861,海印股份,197133.8781,224987.3659
sz000862,银星能源,33435.9292,70862.6592
sz000863,三湘印象,93896.3406,138298.6746
sz000868,安凯客车,69556.5603,69556.5603
sz000869,张 裕Ａ,45346.08,68546.4
sz000875,吉电股份,123464.35,214631.398
sz000876,新 希 望,345901.473,421601.5009
sz000877,天山股份,88010.1259,88010.1259
sz000878,云南铜业,141639.88,141639.88
sz000881,中广核技,30805.44,105559.7987
sz000882,华联股份,188469.6729,273735.1947
sz000883,湖北能源,534635.3878,650744.9486
sz000885,同力水泥,42679.9283,49638.1983
sz000886,海南高速,96534.2948,98882.83
sz000887,中鼎股份,121469.5095,123444.0095
sz000888,峨眉山Ａ,52691.3102,52691.3102
sz000889,茂业通信,44534.8196,62182.6786
sz000890,法 尔 胜,37964.16,37964.16
sz000892,欢瑞世纪,35593.8097,98098.0473
sz000893,东凌国际,40345.5,75690.3272
sz000895,双汇发展,329955.8284,329955.8284
sz000898,鞍钢股份,614900.7847,723480.7847
sz000899,赣能股份,64667.776,97567.776
sz000900,现代投资,101188.5556,101188.5556
sz000902,新洋丰,123370.3444,130452.929
sz000905,厦门港务,53100,53100
sz000906,浙商中拓,42978.7542,51081.2469
sz000908,景峰医药,64107.3094,87977.4351
sz000909,数源科技,29400,31235.2464
sz000910,大亚圣象,52750,53077
sz000911,南宁糖业,32408.0937,32408.0937
sz000915,山大华特,23343.2457,23433.1485
sz000916,华北高速,109000,109000
sz000917,电广传媒,106317.5244,141755.6338
sz000918,嘉凯城,180419.15,180419.15
sz000919,金陵药业,50400,50400
sz000920,南方汇通,42200,42200
sz000921,海信科龙,90243.8762,136272.537
sz000922,*ST佳电,45790.0496,54366.7277
sz000923,河北宣工,19800,19800
sz000925,众合科技,30566.9686,32032.3862
sz000926,福星股份,94932.2474,94932.2474
sz000927,一汽夏利,159517.402,159517.402
sz000928,中钢国际,74315.8264,125666.2942
sz000929,兰州黄河,18576.6,18576.6
sz000930,中粮生化,96441.1115,96441.1115
sz000931,中 关 村,66804.694,75312.6982
sz000932,*ST华菱,301565.0025,301565.0025
sz000933,神火股份,190050,190050
sz000935,四川双马,62948.7591,76344.0333
sz000936,华西股份,74801.2887,88601.2887
sz000937,冀中能源,290659.9842,353354.685
sz000938,紫光股份,20608,104230.3162
sz000939,凯迪生态,212702.1638,392959.5494
sz000948,南天信息,24660.6046,24660.6046
sz000949,新乡化纤,102724.1303,125765.6049
sz000950,*ST建峰,59879.9235,59879.9235
sz000952,广济药业,25170.5513,25170.5513
sz000957,中通客车,47700.9898,59290.3936
sz000958,东方能源,66644.6402,110227.3226
sz000959,首钢股份,296652.6057,528938.96
sz000960,锡业股份,120942.3038,147205.5068
sz000961,中南建设,370978.8797,370978.8797
sz000962,东方钽业,44083.2644,44083.2644
sz000963,华东医药,86811.9982,97211.6416
sz000965,天保基建,100893.7178,100893.7178
sz000966,长源电力,110828.408,110828.408
sz000967,盈峰环境,67046.2214,109313.1877
sz000968,蓝焰控股,25970.9245,96750.266
sz000969,安泰科技,89205.5837,102600.8097
sz000970,中科三环,106520,106520
sz000971,高升控股,24409.3,51127.3668
sz000972,*ST中基,77128.3579,77128.3579
sz000973,佛塑科技,96742.3171,96742.3171
sz000975,银泰资源,103161.607,108161.607
sz000977,浪潮信息,99532.7017,99928.2714
sz000978,桂林旅游,36010,36010
sz000979,中弘股份,599328.6571,599328.6571
sz000980,众泰汽车,52814,183004.796
sz000982,*ST 中绒,180504.3279,180504.3279
sz000983,西山煤电,315120,315120
sz000985,大庆华科,12963.95,12963.95
sz000987,越秀金控,53843.716,222383.0413
sz000988,华工科技,89111.6632,89111.6632
sz000989,九 芝 堂,41879.1151,86935.4236
sz000990,诚志股份,29703.2414,125301.1919
sz000995,皇台酒业,17740.8,17740.8
sz000996,中国中期,23000,23000
sz000997,新 大 陆,92873.8558,93839.9518
sz000998,隆平高科,99605,125619.4674
sz000999,华润三九,97839.677,97890
sz001696,宗申动力,89273.4806,114502.692
sz001979,招商蛇口,190023.5839,790409.2722
sz002001,新 和 成,108891.9,108891.9
sz002002,鸿达兴业,207707.0028,242067.7191
sz002003,伟星股份,54145.1675,58309.2637
sz002004,华邦健康,180048.8302,203482.7685
sz002005,德豪润达,116640,139640
sz002006,精功科技,45516,45516
sz002007,华兰生物,93008.768,93008.768
sz002008,大族激光,106706.5245,106706.5245
sz002009,天奇股份,31456.2588,37054.9434
sz002010,传化智联,48798,325781.4678
sz002011,盾安环境,84342.746,91721.218
sz002012,凯恩股份,46762.547,46762.547
sz002013,中航机电,209513.7467,240575.5557
sz002014,永新股份,23296.0755,33574.4483
sz002015,霞客环保,40070.3825,40070.3825
sz002016,世荣兆业,64609.5632,80909.5632
sz002017,东信和平,34452.7176,34641.6336
sz002018,华信国际,227782.7422,227782.7422
sz002019,亿帆医药,58052.67,110079.8107
sz002020,京新药业,59391.8768,63799.78
sz002021,中捷资源,56781.504,68781.504
sz002022,科华生物,42062.6158,51256.9193
sz002023,海特高新,75679.1003,75679.1003
sz002025,航天电器,42900,42900
sz002026,山东威达,36663.4247,42009.8419
sz002027,分众传媒,414576.718,873683.35
sz002028,思源电气,76020.9282,76020.9282
sz002029,七 匹 狼,75567,75567
sz002030,达安基因,72492.0472,72492.0472
sz002031,巨轮智能,213465.9267,219939.567
sz002033,丽江旅游,54949.0711,54949.0711
sz002034,美 欣 达,8392,10804
sz002035,华帝股份,57417.8083,58176.2083
sz002036,联创电子,39504.437,55802.9837
sz002037,久联发展,32736.816,32736.816
sz002038,双鹭药业,68490,68490
sz002039,黔源电力,30539.8662,30539.8662
sz002040,南 京 港,24587.2,37228.2154
sz002041,登海种业,88000,88000
sz002042,华孚色纺,83715.6573,101148.3037
sz002043,兔 宝 宝,72637.467,86106.0685
sz002044,美年健康,106400.3763,242148.2706
sz002045,国光电器,41690.4,41690.4
sz002046,轴研科技,34056.597,35360.9448
sz002047,宝鹰股份,126310.1435,126310.1435
sz002048,宁波华翔,53004.715,53004.715
sz002049,紫光国芯,60681.7968,60681.7968
sz002051,中工国际,110896.4544,111277.4016
sz002052,同洲电子,74595.9694,74595.9694
sz002053,云南能投,37170.2206,55832.9336
sz002054,德美化工,41923.0828,41923.0828
sz002055,得润电子,41451.208,45051.208
sz002056,横店东磁,164360,164360
sz002057,中钢天源,19938.167,19938.167
sz002058,威 尔 泰,14344.8332,14344.8332
sz002059,云南旅游,70881.801,73079.2576
sz002060,粤 水 电,120226.2058,120226.2058
sz002061,江山化工,45325.9717,66168.8958
sz002062,宏润建设,110250,110250
sz002063,远光软件,58514.4694,60128.579
sz002064,华峰氨纶,165680,167680
sz002065,东华软件,151845.8584,156989.378
sz002066,瑞泰科技,23100,23100
sz002067,景兴纸业,109395.1,109395.1
sz002068,黑猫股份,60706.3596,60706.3596
sz002069,獐子岛,71021.6194,71111.2194
sz002070,*ST众和,63525.8156,63525.8156
sz002071,长城影视,52542.9878,52542.9878
sz002072,凯瑞德,17600,17600
sz002073,软控股份,74236.5,93544.4674
sz002074,国轩高科,49441.2074,87760
sz002075,沙钢股份,220677.1772,220677.1772
sz002076,雪 莱 特,59656.447,73398.9672
sz002077,大港股份,37445.691,58034.8513
sz002078,太阳纸业,252982.3238,253585.5238
sz002079,苏州固锝,72797.1487,72797.1487
sz002080,中材科技,40000,80679.0185
sz002081,金 螳 螂,264330.8689,264330.8689
sz002082,栋梁新材,23800,23800
sz002083,孚日股份,90800.0005,90800.0005
sz002084,海鸥卫浴,40605.5813,45631.6228
sz002085,万丰奥威,218687.9678,218687.9678
sz002086,东方海洋,48770,68770
sz002087,新野纺织,67568.592,81679.4335
sz002088,鲁阳节能,24918.7303,35096.8033
sz002089,新 海 宜,134350.2556,137466.9616
sz002090,金智科技,21936.2,23780.2904
sz002091,江苏国泰,71339.1731,157154.054
sz002092,中泰化学,169534.4633,214644.9598
sz002093,国脉科技,86500,100750
sz002094,青岛金王,35217.3217,37724.5234
sz002095,生 意 宝,25272,25272
sz002096,南岭民爆,37128.7,37128.7
sz002097,山河智能,75532.5,75532.5
sz002098,浔兴股份,31000,35800
sz002099,海翔药业,84282.723,162276.7253
sz002100,天康生物,70944.6116,96338.4608
sz002101,广东鸿图,24802.3001,35471.7911
sz002102,冠福股份,142892.6073,263383.629
sz002103,广博股份,40627.8326,54921.2944
sz002104,恒宝股份,71202.88,71364.8
sz002105,信隆健康,36850,36850
sz002106,莱宝高科,70581.616,70581.616
sz002107,沃华医药,36075.6,36075.6
sz002108,沧州明珠,104454.5579,109071.0923
sz002109,兴化股份,21008.4207,70196.3193
sz002110,三钢闽光,53470,137361.4962
sz002111,威海广泰,30727.0735,38182.7504
sz002112,三变科技,20160,20160
sz002113,天润数娱,47360,75447.9856
sz002114,罗平锌电,27184.0827,32339.5267
sz002115,三维通信,41068.8,41625.9
sz002116,中国海诚,41762.8938,41762.8938
sz002117,东港股份,36377.7614,36377.7614
sz002118,紫鑫药业,102598.2764,128075.9826
sz002119,康强电子,20620,20620
sz002120,韵达股份,15028,101452.4664
sz002121,科陆电子,100318.8763,140747.3773
sz002122,天马股份,118800,118800
sz002123,梦网集团,65995.6915,86159.5025
sz002124,天邦股份,45894.2,77308.5399
sz002125,湘潭电化,22260.8985,34559.9985
sz002126,银轮股份,65508,72108
sz002127,南极电商,96815.4022,153825.9532
sz002128,露天煤业,158822.4626,163437.8473
sz002129,中环股份,264423.6466,264423.6466
sz002130,沃尔核材,114377.7818,126231.9062
sz002132,恒星科技,105149.7645,125677.4426
sz002133,广宇集团,60642.0142,77414.4175
sz002134,*ST普林,24584.9768,24584.9768
sz002135,东南网架,74860,85453.22
sz002136,安 纳 达,21502,21502
sz002137,麦达数字,48907.2631,57578.5117
sz002138,顺络电子,74091.4814,75547.4814
sz002139,拓邦股份,65672.6878,68020.6978
sz002140,东华科技,44603.4534,44603.4534
sz002141,贤丰控股,63660.8,113465.6519
sz002142,宁波银行,346058.4635,389979.4081
sz002143,印纪传媒,28493.7191,110614.6365
sz002144,宏达高科,17346.6488,17676.2528
sz002145,中核钛白,135817.1181,159182.1576
sz002146,荣盛发展,434816.3851,434816.3851
sz002147,新光圆成,25852.181,140621.2627
sz002148,北纬科技,56287.6327,56736.2127
sz002149,西部材料,34926,42541.4274
sz002150,通润装备,25020,27424.3887
sz002151,北斗星通,37159.8298,51276.0675
sz002152,广电运通,201754.0725,242888.5725
sz002153,石基信息,92736,106678.8753
sz002154,报 喜 鸟,117201.874,124887.5008
sz002155,湖南黄金,99626.8,120203.9474
sz002156,通富微电,97263.0114,97263.0114
sz002158,汉钟精机,53038.1122,53038.1122
sz002159,三特索道,13399.9999,13866.6666
sz002160,常铝股份,45085.2275,72426.9941
sz002161,远 望 谷,73975.74,73975.74
sz002162,悦心健康,81510,85215
sz002163,中航三鑫,80355,80355
sz002164,宁波东力,44562.5,44562.5
sz002165,红 宝 丽,53646.1688,60205.811
sz002166,莱茵生物,43239.1962,43728.1362
sz002167,东方锆业,52373.5182,62094.6
sz002168,深圳惠程,76622.4768,82058.9768
sz002169,智光电气,52613.0796,78779.1994
sz002170,芭田股份,84660.3412,89004.7497
sz002171,楚江新材,34409.4326,53460.4028
sz002172,澳洋科技,57306.829,73349.4462
sz002173,创新医疗,22459.3259,45597.9402
sz002174,游族网络,85535.9297,86131.5045
sz002175,东方网络,56137.063,75377.8212
sz002176,江特电机,138179.9041,146918.2112
sz002177,御银股份,76119.1294,76119.1294
sz002178,延华智能,66042.0307,71603.8334
sz002181,粤 传 媒,113431.3245,116105.8174
sz002182,云海金属,57600,64642.2538
sz002183,怡 亚 通,211929.555,211929.555
sz002184,海得控制,22000,24281.7049
sz002185,华天科技,213111.2944,213111.2944
sz002186,全 聚 德,28312,30846.3955
sz002187,广百股份,34242.2568,34242.2568
sz002188,巴士在线,17259.1983,29958.5062
sz002189,利达光电,19924,19924
sz002190,成飞集成,34518.8382,34518.8382
sz002191,劲嘉股份,130604.72,130604.72
sz002192,融捷股份,19049.1744,25965.5203
sz002193,如意集团,16000,26171.555
sz002194,武汉凡谷,55588,56466.9722
sz002195,二三四五,212909.6432,328544.6248
sz002196,方正电机,29007.7522,45089.9624
sz002197,证通电子,42126.8632,51967.8668
sz002198,嘉应制药,50750.9848,50750.9848
sz002199,东晶电子,17715.4109,24344.2363
sz002200,云投生态,10782.9119,18413.289
sz002201,九鼎新材,32538.0857,33246.747
sz002202,金风科技,219454.12,273554.1
sz002203,海亮股份,154803.6626,169211.7113
sz002204,大连重工,193137.0032,193137.0032
sz002205,国统股份,11615.2018,11615.2018
sz002206,海 利 得,112931.625,121807.3645
sz002207,*ST准油,23917.7378,23917.7378
sz002208,合肥城建,32010,32010
sz002209,达 意 隆,19524.405,19524.405
sz002210,飞马国际,77571,97228.258
sz002211,宏达新材,26721.6436,43247.5779
sz002212,南洋股份,51026,114690.2165
sz002213,特 尔 佳,20600,20600
sz002214,大立科技,45866.6666,45866.6666
sz002215,诺 普 信,89967.6402,91407.6384
sz002216,三全食品,80421.7532,81468.1932
sz002217,合力泰,217099.2136,312831.0676
sz002218,拓日新能,61817.1052,61817.1052
sz002219,恒康医疗,151479.86,186523.643
sz002220,天宝食品,46472.72,54748.5824
sz002221,东华能源,139161.6368,161996.2824
sz002222,福晶科技,42750,42750
sz002223,鱼跃医疗,99072.7582,100247.6929
sz002224,三 力 士,65806.5698,65806.5698
sz002225,濮耐股份,81373.5437,89032.4298
sz002226,江南化工,79127.8992,91127.8992
sz002227,奥 特 迅,22059.74,22059.74
sz002228,合兴包装,104297.233,104297.233
sz002229,鸿博股份,44727.9,50275.2213
sz002230,科大讯飞,130254.2953,138869.3628
sz002231,奥维通信,35680,35680
sz002232,启明信息,40280.6795,40854.8455
sz002233,塔牌集团,89465.5969,89465.5969
sz002234,民和股份,30204.6632,30204.6632
sz002235,安妮股份,29250,41373.654
sz002236,大华股份,289875.613,289941.1405
sz002237,恒邦股份,91040,91040
sz002238,天威视讯,55741.3308,61735.32
sz002239,奥特佳,181899.4775,313135.9417
sz002240,威华股份,49070.4,49070.4
sz002241,歌尔股份,324510.3948,324510.3948
sz002242,九阳股份,76560.75,76752.3
sz002243,通产丽星,36494.8956,36494.8956
sz002244,滨江集团,311144.389,311144.389
sz002245,澳洋顺昌,91214.583,98728.208
sz002246,北化股份,41368.6536,41368.6536
sz002247,帝龙文化,57864.5166,85161.1049
sz002248,*ST东数,30749.56,30749.56
sz002249,大洋电机,181668.8435,236954.5774
sz002250,联化科技,82997.6722,92590.2056
sz002251,步 步 高,74741.361,86390.3951
sz002252,上海莱士,451024.8644,497023.8896
sz002253,川大智胜,22562.6095,22562.6095
sz002254,泰和新材,61083.36,61083.36
sz002255,海陆重工,55137.5565,62063.4524
sz002256,兆新股份,125705.4,188241.1872
sz002258,利尔化学,52437.303,52437.303
sz002259,升达林业,75232.8267,75232.8267
sz002260,德奥通航,26520,26520
sz002261,拓维信息,94492.424,111114.9436
sz002262,恩华药业,100914.7011,100914.7011
sz002263,大 东 南,187836.01,187836.01
sz002264,新 华 都,57743.9473,68456.388
sz002265,西仪股份,29102.6,31856.6172
sz002266,浙富控股,183751.4317,197871.9849
sz002267,陕天然气,111207.5445,111207.5445
sz002268,卫 士 通,55267.8607,83833.6028
sz002269,美邦服饰,251250,251250
sz002270,华明装备,23828.8442,50615.942
sz002271,东方雨虹,81200.4848,88268.6848
sz002272,川润股份,41970,41970
sz002273,水晶光电,64662.774,66291.8124
sz002274,华昌化工,49063.2753,63490.9764
sz002275,桂林三金,59020,59020
sz002276,万马股份,93914.5488,93914.5488
sz002277,友阿股份,141660.52,141660.52
sz002278,神开股份,36390.9648,36390.9648
sz002279,久其软件,30884.7015,70365.4161
sz002280,联络互动,125250.5406,217714.9675
sz002281,光迅科技,61663.8744,62892.4752
sz002282,博深工具,33813,33813
sz002283,天润曲轴,112486.1978,112486.1978
sz002284,亚太股份,73755.6,73755.6
sz002285,世联行,171580.829,204496.9122
sz002286,保龄宝,36925.6,36925.6
sz002287,奇正藏药,40600,40600
sz002288,超华科技,79164.3744,93164.3744
sz002289,宇顺电子,16126.9704,18683.5822
sz002290,中科新材,21067.2,24271.233
sz002291,星期六,36335,39892.1895
sz002292,奥飞娱乐,130380.9012,130788.9679
sz002293,罗莱生活,70181.55,70490.55
sz002294,信立泰,104601.6,104601.6
sz002295,精艺股份,21300,25151
sz002296,辉煌科技,37665.642,37665.642
sz002297,博云新材,39762.1011,47131.5045
sz002298,中电鑫龙,45358.5805,70396.066
sz002299,圣农发展,91090,111090
sz002300,太阳电缆,54198.1955,54270
sz002301,齐心集团,37359.9998,42786.7388
sz002302,西部建设,103223.405,103223.405
sz002303,美盈森,143040,154232.3685
sz002304,洋河股份,125750.8,150698.8
sz002305,南国置业,146222.9955,173421.577
sz002306,*ST云网,80000,80000
sz002307,北新路桥,55732.716,55732.716
sz002308,威创股份,83559.156,84735.756
sz002309,中利集团,56981.8308,64140.6068
sz002310,东方园林,252557.4741,268115.528
sz002311,海大集团,153018.8254,157596.5054
sz002312,*ST三泰,135137.6432,137809.1733
sz002313,日海通讯,23569.6925,31200
sz002314,南山控股,73777.5255,187753.0273
sz002315,焦点科技,23500,23500
sz002316,键桥通讯,31512,39312
sz002317,众生药业,73753.8,81446.1076
sz002318,久立特材,84150.5932,84150.5932
sz002319,乐通股份,20000,20000
sz002320,海峡股份,20705.3899,50801.896
sz002321,华英农业,42580,53429.11
sz002322,理工环科,29520.2921,40131.5016
sz002323,雅百特,32239.98,74572.9656
sz002324,普利特,27000,27000
sz002325,洪涛股份,120118.5994,124383.7994
sz002326,永太科技,79112.3721,81900.3587
sz002327,富安娜,82551.7672,86917.0389
sz002328,新朋股份,44810,44810
sz002329,皇氏集团,66754.7534,83764.0035
sz002330,得利斯,50200,50200
sz002331,皖通科技,35032.7055,35032.7055
sz002332,仙琚制药,76815.0001,91621.2166
sz002333,罗普斯金,50260.36,50260.36
sz002334,英威腾,73459.4138,75577.7338
sz002335,科华恒盛,26475.16,27116.88
sz002336,人人乐,40000,40000
sz002337,赛象科技,58861.575,58861.575
sz002338,奥普光电,12000,12000
sz002339,积成电子,37889.6,37889.6
sz002340,格林美,312257.9764,381591.0339
sz002341,新纶科技,37344,50321.6492
sz002342,巨力索具,96000,96000
sz002343,慈文传媒,24524.0042,31451
sz002344,海宁皮城,112000,128274.5046
sz002345,潮宏基,84511.12,84511.12
sz002346,柘中股份,7980,44157.5416
sz002347,泰尔股份,44935.0562,44935.0562
sz002348,高乐股份,83133.06,94720
sz002349,精华制药,60000,84058.9662
sz002350,北京科锐,37107.6,38700.5
sz002351,漫步者,58800,58800
sz002352,顺丰控股,19993.9002,418367.8213
sz002353,杰瑞股份,95785.3992,95785.3992
sz002354,天神娱乐,43630.9418,90063.7407
sz002355,兴民智通,51193.785,51370.005
sz002356,赫美集团,24000,31047.444
sz002357,富临运业,31348.9036,31348.9036
sz002358,森源电气,79559.5488,92975.6977
sz002359,北讯集团,41680,63952.4565
sz002360,同德化工,39151.26,39151.26
sz002361,神剑股份,79284.6633,86259.5596
sz002362,汉王科技,21410.2792,21709.9792
sz002363,隆基机械,38587.3624,38587.3624
sz002364,中恒电气,47434.7848,56356.496
sz002365,永安药业,18700,19645.5
sz002366,台海核电,24470.5512,43352.8675
sz002367,康力电梯,73860.0124,79765.2687
sz002368,太极股份,41161.7616,41559.7227
sz002369,卓翼科技,48000,57676.9204
sz002370,亚太药业,20400,26824.7228
sz002371,北方华创,16670.7514,45800.4372
sz002372,伟星新材,98711.1762,100840.5762
sz002373,千方科技,109918.9712,110437.6432
sz002374,丽鹏股份,52477.8613,87742.7468
sz002375,亚厦股份,133999.6498,133999.6498
sz002376,新北洋,60000,63149.009
sz002377,国创高新,43205.6,43470.05
sz002378,章源钨业,92416.7436,92416.7436
sz002379,宏创控股,66530.3395,92640
sz002380,科远股份,23999.1649,23999.1649
sz002381,双箭股份,35100,42850
sz002382,蓝帆医疗,48718.5,49435.5
sz002383,合众思壮,39425.9088,73314.81
sz002384,东山精密,84739.027,107104.8318
sz002385,大北农,374621.1556,410066.9122
sz002386,天原集团,67167.9806,67167.9806
sz002387,黑牛食品,32945.9458,46945.9458
sz002388,新亚制程,39960,39960
sz002389,南洋科技,52790.8563,70884.69
sz002390,信邦制药,125113.633,170489.5788
sz002391,长青股份,35948.618,35948.618
sz002392,北京利尔,73886.6099,119855.9434
sz002393,力生制药,18245.4992,18245.4992
sz002394,联发股份,32370,32370
sz002395,双象股份,17880.6,17880.6
sz002396,星网锐捷,53034.6365,53911.1233
sz002397,梦洁股份,68599.0272,68599.0272
sz002398,建研集团,34273.2,34273.2
sz002399,海普瑞,124720.1704,124720.1704
sz002400,省广股份,150407.0495,174333.7128
sz002401,中远海科,30324,30324
sz002402,和而泰,75037.5,83045.508
sz002403,爱仕达,31200,35032.0801
sz002404,嘉欣丝绸,52065,52065
sz002405,四维图新,104763.9715,128261.5013
sz002406,远东传动,56100,56100
sz002407,多氟多,62148.2887,62770.0387
sz002408,齐翔腾达,170713.2334,177520.9253
sz002409,雅克科技,33264,34382.7605
sz002410,广联达,111936.1939,111936.1939
sz002411,必康股份,34830,153228.3909
sz002412,汉森制药,29600,29600
sz002413,雷科防务,71129.0597,109317.9134
sz002414,高德红外,60000,62425.6031
sz002415,海康威视,849855.1463,922886.5114
sz002416,爱施德,99138.4839,103273.4839
sz002417,三元达,23400,27000
sz002418,康盛股份,68640,113640
sz002419,天虹股份,80020,80020
sz002420,毅昌股份,40100,40100
sz002421,达实智能,142455.6738,192672.9576
sz002422,科伦药业,143251.8933,144000
sz002423,中原特钢,46551,50298.6577
sz002424,贵州百灵,141120,141120
sz002425,凯撒文化,76142.2694,81374.4432
sz002426,胜利精密,266154.1769,342127.5069
sz002427,尤夫股份,39815.4658,39815.4658
sz002428,云南锗业,65312,65312
sz002429,兆驰股份,400357.3335,452694.0607
sz002430,杭氧股份,83177.6,83177.6
sz002431,棕榈股份,115668.4,137699.65
sz002432,九安医疗,43280.5921,43280.5921
sz002433,太安堂,70482.4,77066.56
sz002434,万里扬,102000,135000
sz002435,长江润发,19800,49077.6795
sz002436,兴森科技,134040,148790.7504
sz002437,誉衡药业,216130.2075,219829.035
sz002438,江苏神通,41747.266,48587.8156
sz002439,启明星辰,83024.6668,89669.2587
sz002440,闰土股份,76700,76700
sz002441,众业达,54054.9909,54054.9909
sz002442,龙星化工,48000,48000
sz002443,金洲管道,52053.552,52053.552
sz002444,巨星科技,107524.77,107524.77
sz002445,中南文化,63769.687,82978.0286
sz002446,盛路通信,55130.4733,76211.026
sz002448,中原内配,58810.2305,58810.2305
sz002449,国星光电,36966.48,47575.1669
sz002450,康得新,289882.1389,353418.8332
sz002451,摩恩电气,43920,43920
sz002452,长高集团,36476.4224,52542.4
sz002453,天马精化,57130,57130
sz002454,松芝股份,41208.24,42199.44
sz002455,百川股份,47412,47412
sz002456,欧菲光,257653,271566.5975
sz002457,青龙管业,28310.4647,33499.2
sz002458,益生股份,28466.2562,33737.8701
sz002459,天业通联,22230,38868.9351
sz002460,赣锋锂业,72290.4874,72890.4879
sz002461,珠江啤酒,68016.1768,110666.424
sz002462,嘉事堂,25052.6315,25052.6315
sz002463,沪电股份,167415.9763,167415.9763
sz002464,金利科技,23294.3924,23294.3924
sz002465,海格通信,199503.906,214575.1654
sz002466,天齐锂业,98586.155,99442.22
sz002467,二六三,78358.022,79616.722
sz002468,申通快递,33177.6,153080.2166
sz002469,三维工程,50326.2849,50326.2849
sz002470,金正大,315002.9146,315002.9146
sz002471,中超控股,126800,126800
sz002472,双环传动,67674.4,67674.4
sz002473,*ST圣莱,16000,16000
sz002474,榕基软件,62220,62220
sz002475,立讯精密,187596.3165,212005.8632
sz002476,宝莫股份,61200,61200
sz002477,雏鹰农牧,313515.963,313515.963
sz002478,常宝股份,80020,80020
sz002479,富春环保,73166.98,79635
sz002480,新筑股份,63120.3965,64536.827
sz002481,双塔食品,126339,126339
sz002482,广田集团,131092.2255,153727.9657
sz002483,润邦股份,57600,67244.776
sz002484,江海股份,69222.4,81515.5441
sz002485,希努尔,32000,32000
sz002486,嘉麟杰,83200,83200
sz002487,大金重工,54000,54000
sz002488,金固股份,50848.3392,67182.2774
sz002489,浙江永强,217573.6503,217573.6503
sz002490,*ST墨龙,54172.2,79784.84
sz002491,通鼎互联,115578.227,126170.9144
sz002492,恒基达鑫,36000,40500
sz002493,荣盛石化,369600,381600
sz002494,华斯股份,34847.8,38556.0818
sz002495,佳隆股份,93562.56,93562.56
sz002496,辉丰股份,150747.7887,150747.7887
sz002497,雅化集团,96000,96000
sz002498,汉缆股份,322254.55,332679.6
sz002499,科林环保,18900,18900
sz002500,山西证券,282872.5153,282872.5153
sz002501,利源精制,93600,121483.558
sz002502,骅威文化,63671.1138,85982.8874
sz002503,搜于特,269568,312419.1896
sz002505,大康农业,154693.44,548537.22
sz002506,协鑫集成,252352,504640
sz002507,涪陵榨菜,46507.3129,78935.7241
sz002508,老板电器,94463.1675,94903.2825
sz002509,天广中茂,200138.7757,249249.2696
sz002510,天汽模,86016.9084,86016.9084
sz002511,中顺洁柔,73834.929,75788.7
sz002512,达华智能,84157.3243,109538.6132
sz002513,蓝丰生化,24766.3759,34008.6278
sz002514,宝馨科技,55403.4264,55403.4264
sz002515,金字火腿,77968.8,97831.328
sz002516,旷达科技,126163.8966,150341.2852
sz002517,恺英网络,23710.612,71750.5878
sz002518,科士达,57891.7794,57891.7794
sz002519,银河电子,87119.5593,114222.2863
sz002520,日发精机,54728.0071,55408.8969
sz002521,齐峰新材,49468.5819,49468.5819
sz002522,浙江众成,88328.22,90577.9387
sz002523,天桥起重,82699.9951,101188.6286
sz002524,光正集团,50186.9895,50333.28
sz002526,山东矿机,53400,53400
sz002527,新时达,54564.155,62017.1214
sz002528,英飞拓,89237.0304,104636.4755
sz002529,海源机械,20000,26000
sz002530,金财互联,17110,49074.1853
sz002531,天顺风能,148140,177901.9047
sz002532,新界泵业,51486.16,51539.68
sz002533,金杯电工,54696.192,55312.128
sz002534,杭锅股份,72776.205,73943.28
sz002535,林州重机,76952.974,80168.3074
sz002536,西泵股份,32922.7086,33380.7876
sz002537,海联金汇,66000,125135.0095
sz002538,司尔特,71812.0283,71812.0283
sz002539,云图控股,82760,101010
sz002540,亚太科技,104000,104000
sz002541,鸿路钢构,26800,34914.5902
sz002542,中化岩土,123267.5538,180000
sz002543,万和电气,44000,44000
sz002544,杰赛科技,51576,51576
sz002545,东方铁塔,62744,131639.7474
sz002546,新联电子,83404.9096,83404.9096
sz002547,春兴精工,101197.8174,112805.7168
sz002548,金新农,32033.4632,38084.2772
sz002549,凯美特气,56694.106,56700
sz002550,千红制药,128000,128000
sz002552,宝鼎科技,30000,30000
sz002553,南方轴承,34800,34800
sz002554,惠博普,92707.4,107081
sz002556,辉隆股份,71760,71760
sz002557,洽洽食品,50700,50700
sz002558,巨人网络,42710.936,202437.9932
sz002559,亚威股份,35567.3036,37300.3481
sz002560,通达股份,42379.5351,42914.1351
sz002561,徐家汇,41576.3,41576.3
sz002562,兄弟科技,53283.3984,54139.7984
sz002563,森马服饰,268561.36,269382.904
sz002564,天沃科技,73576.2,73576.2
sz002565,顺灏股份,68746.8,68746.8
sz002566,益盛药业,33095.16,33095.16
sz002567,唐人神,63117.9,80188.486
sz002568,百润股份,40568.0529,93110
sz002569,步森股份,14001,14001
sz002570,贝因美,102252,102252
sz002571,*ST德力,37895.07,39195.07
sz002572,索菲亚,88195.6,92342.631
sz002573,清新环境,107319.66,107319.66
sz002574,明牌珠宝,52800,52800
sz002575,群兴玩具,58872,58872
sz002576,通达动力,16510,16510
sz002577,雷柏科技,28288,28335.28
sz002578,闽发铝业,85900,98809.3296
sz002579,中京电子,35046,37778
sz002580,圣阳股份,33888.5581,35440.1307
sz002582,好想你,29520,51568.416
sz002583,海能达,155614.63,174614.8957
sz002584,西陇科学,48607.5312,58521.6422
sz002585,双星新材,93252.5934,115627.8085
sz002586,围海股份,72812.66,104197.6663
sz002587,奥拓电子,55990.0793,61138.5834
sz002588,史丹利,115688.4,115726.8
sz002589,瑞康医药,100231.792,150471.0471
sz002590,万安科技,47964.6926,47964.6926
sz002591,恒大高新,26050.7,30107.4909
sz002592,八菱科技,17671.4847,28333.1157
sz002593,日上集团,69930,70114.5
sz002594,比亚迪,152035.4535,272814.2855
sz002595,豪迈科技,80000,80000
sz002596,海南瑞泽,81688.4058,97552.9158
sz002597,金禾实业,55924.8186,56432.0186
sz002598,山东章鼓,31200,31200
sz002599,盛通股份,26400,32400.6118
sz002600,江粉磁材,84483.7667,117721.1887
sz002601,龙蟒佰利,69472.445,203209.5439
sz002602,世纪华通,58777.373,102709.204
sz002603,以岭药业,111868.52,120438.7583
sz002604,龙力生物,50402.56,59956.1402
sz002605,姚记扑克,37400,39716.9187
sz002606,大连电瓷,32240,40749.6
sz002607,亚夏汽车,82033.596,82033.596
sz002608,江苏国信,53895.2097,325314.5323
sz002609,捷顺科技,59534.646,66568.1301
sz002610,爱康科技,428057.56,449086.16
sz002611,东方精工,57169.28,115805.3635
sz002612,朗姿股份,38803.6,40000
sz002613,北玻股份,69901.8078,93717
sz002614,奥佳华,55381.78,55431.6
sz002615,哈尔斯,41040,41040
sz002616,长青集团,70970.2144,74310.6144
sz002617,露笑科技,72253.7255,73482.4767
sz002618,丹邦科技,54792,54792
sz002619,艾格拉斯,67417.1922,144003.7938
sz002620,瑞和股份,12000,14500
sz002621,三垒股份,33750,33750
sz002622,融钰集团,84000,84000
sz002623,亚玛顿,16000,16000
sz002624,完美世界,32266.2202,131468.6873
sz002625,光启技术,29869.7529,126751.1727
sz002626,金达威,57600,61648.1927
sz002627,宜昌交运,13350,13350
sz002628,成都路桥,73741.6215,73741.6215
sz002629,仁智股份,34460.0433,41194.8
sz002630,华西能源,73800,73800
sz002631,德尔未来,29364.896,65048
sz002632,道明光学,58431.3628,59172.1032
sz002633,申科股份,15000,15000
sz002634,棒杰股份,46100.2575,46100.2575
sz002635,安洁科技,58310.7519,58612.4019
sz002636,金安国纪,25134.2,72800
sz002637,赞宇科技,32000,41680
sz002638,勤上股份,93667.5,151868.5574
sz002639,雪人股份,48371.4733,67407.2767
sz002640,跨境通,97270.6884,143151.0371
sz002641,永高股份,112320,112320
sz002642,荣之联,59429.3591,63576.9528
sz002643,万润股份,79347.5783,90913.3215
sz002644,佛慈制药,51065.7,51065.7
sz002645,华宏科技,16091.3662,20944.5019
sz002646,青青稞酒,45000,45000
sz002647,民盛金科,37329.11,37329.11
sz002648,卫星石化,80000,80352
sz002649,博彦科技,51033.48,52731.42
sz002650,加加食品,115200,115200
sz002651,利君股份,100250,100250
sz002652,扬子新材,51206.4,51206.4
sz002653,海思科,108027,108027
sz002654,万润科技,56822.8748,82778.701
sz002655,共达电声,36000,36000
sz002656,摩登大道,32000,43068.4547
sz002657,中科金财,30520.6337,33757.6686
sz002658,雪迪龙,60488.032,60488.032
sz002659,中泰桥梁,30104.7497,49856.6987
sz002660,茂硕电源,25470.6664,27703.0616
sz002661,克明面业,33151.8373,33633.4048
sz002662,京威股份,122786,150000
sz002663,普邦股份,166853.0296,179589.0452
sz002664,信质电机,40002,40002
sz002665,首航节能,175770,197112.9886
sz002666,德联集团,75432.9268,75432.9268
sz002667,鞍重股份,13596,13596
sz002668,奥马电器,46298,63547.0225
sz002669,康达新材,20000,23079.7101
sz002670,国盛金控,49348.4011,149780.44
sz002671,龙泉股份,43849.08,47658.2556
sz002672,东江环保,66802.9602,88715.2102
sz002673,西部证券,350183.977,350183.977
sz002674,兴业科技,24057.2,30217.8412
sz002675,东诚药业,53940.3498,70360.3035
sz002676,顺威股份,72000,72000
sz002677,浙江美大,64000,64587.2102
sz002678,珠江钢琴,95600,95600
sz002679,福建金森,13868,13868
sz002680,长生生物,42681.4947,97369.0378
sz002681,奋达科技,108756.468,124665.26
sz002682,龙洲股份,19728.5201,37491.2396
sz002683,宏大爆破,58171.5261,70148.7983
sz002684,猛狮科技,36031.489,56737.4389
sz002685,华东重机,56000,68944.2857
sz002686,亿利达,40913.55,44329.5521
sz002687,乔治白,35485.2,35485.2
sz002688,金河生物,54460,63528.9655
sz002689,远大智能,94846.4296,95630.7976
sz002690,美亚光电,67600,67600
sz002691,冀凯股份,20000,20000
sz002692,睿康股份,71814.6,71814.6
sz002693,双成药业,40500,40500
sz002694,顾地科技,55296,59719.68
sz002695,煌上煌,49995.7128,49995.7128
sz002696,百洋股份,17600,17600
sz002697,红旗连锁,136000,136000
sz002698,博实股份,68170,68170
sz002699,美盛文化,74052,90957.2725
sz002700,新疆浩源,42242.688,42242.688
sz002701,奥瑞金,179991.36,235522.56
sz002702,海欣食品,48076,50670.2
sz002703,浙江世宝,14645.0242,31585.7855
sz002705,新宝股份,22189.9405,81343.7768
sz002706,良信电器,50016.3948,51757.632
sz002707,众信旅游,52245.5844,84352.942
sz002708,光洋股份,42399.9578,46946.996
sz002709,天赐材料,18716.0215,32504.1305
sz002711,欧浦智网,66004.4,66004.4
sz002712,思美传媒,26108.4027,31656.3817
sz002713,东易日盛,8788.2238,25375.2652
sz002714,牧原股份,96800,115846.3457
sz002715,登云股份,5490.0444,9200
sz002716,金贵银业,33416.4872,56498.7172
sz002717,岭南园林,32898.488,41584.52
sz002718,友邦吊顶,2096,8763.1886
sz002719,麦趣尔,8741.7146,10883.7161
sz002721,金一文化,45203.4202,64803.6
sz002722,金轮股份,8703.6519,17546.6542
sz002723,金莱特,18265,18670
sz002724,海洋王,10060.8375,60000
sz002725,跃岭股份,6933.76,16000
sz002726,龙大肉食,44035.5,44476
sz002727,一心堂,23732.576,52060
sz002728,特一药业,6500,20000
sz002729,好利来,1768,6668
sz002730,电光科技,10267.4,32267.4
sz002731,萃华珠宝,5342,15068
sz002732,燕塘乳业,6263.14,15735
sz002733,雄韬股份,11658.4469,35011.3207
sz002734,利民股份,8673.678,16470.8953
sz002735,王子新材,2402,8000
sz002736,国信证券,219505.962,820000
sz002737,葵花药业,12615.8524,29200
sz002738,中矿资源,10277.8,19243
sz002739,万达电影,42284.8323,117429.4974
sz002740,爱迪尔,15865.32,33058.6904
sz002741,光华科技,15379.5,36000
sz002742,三圣股份,7388.1747,21600
sz002743,富煌钢构,11468,34111.088
sz002745,木林森,16232.7718,52832.7918
sz002746,仙坛股份,5935,18184.0201
sz002747,埃斯顿,18000,83697.7005
sz002748,世龙实业,8161.0197,24000
sz002749,国光股份,1875,7500
sz002750,龙津药业,22500,40050
sz002752,昇兴股份,16360.1397,83318.0519
sz002753,永东股份,8707.5,22207.5
sz002755,东方新星,3514,10134
sz002756,永兴特钢,17329.5,36000
sz002757,南兴装备,4040.1,10934
sz002758,华通医药,15487.5,21000
sz002759,天际股份,9600,45217.9983
sz002760,凤形股份,4676.5865,8800
sz002761,多喜爱,5898.207,12000
sz002762,金发拉比,7348.25,20230
sz002763,汇洁股份,6470,21600
sz002765,蓝黛传动,15969.2,42889.6
sz002766,索菱股份,8814.2001,21087.7007
sz002767,先锋电子,3750,15000
sz002768,国恩股份,8700,24000
sz002769,普路通,25740.1763,37670.377
sz002770,科迪乳业,54960.16,109486.7797
sz002771,真视通,10570.508,16160.02
sz002772,众兴菌业,16820.3387,37333.0707
sz002773,康弘药业,6840,67495.406
sz002774,快意电梯,8370,33480
sz002775,文科园林,12212,24800
sz002776,柏堡龙,7466,24045.8204
sz002777,久远银海,2402,8000
sz002778,高科石化,5553.75,8910.95
sz002779,中坚科技,4488,13200
sz002780,三夫户外,7219.5694,10121.3292
sz002781,奇信股份,9244.35,22500
sz002782,可立克,10650,42600
sz002783,凯龙股份,10700.5,20867.5
sz002785,万里石,9778.8771,20000
sz002786,银宝山新,13824,38124
sz002787,华源控股,10535.8586,28812
sz002788,鹭燕医药,7401.88,12816.88
sz002789,建艺集团,4077.6,8120
sz002790,瑞尔特,4000,16000
sz002791,坚朗五金,8038.5,32154
sz002792,通宇通讯,7124.316,22579
sz002793,东音股份,6508.38,20000
sz002795,永和智控,6375,20000
sz002796,世嘉科技,2991.5,8000
sz002797,第一创业,191844.9014,350240
sz002798,帝王洁具,3228.367,8637.7358
sz002799,环球印务,7687.5,15000
sz002800,天顺股份,3787,7468
sz002801,微光股份,2944,11834.5
sz002802,洪汇新材,3996,10800
sz002803,吉宏股份,2900,11600
sz002805,丰元股份,2422.9,9691.38
sz002806,华锋股份,3400,13600
sz002807,江阴银行,20944.55,176735.4347
sz002808,苏州恒久,4800,19200
sz002809,红墙股份,3000,12000
sz002810,山东赫达,2398,9556
sz002811,亚泰国际,4500,18000
sz002812,创新股份,3348,13645
sz002813,路畅科技,3000,12000
sz002815,崇达技术,5000,41000
sz002816,和科达,2500,10000
sz002817,黄山胶囊,2167,8667
sz002818,富森美,4400,44000
sz002819,东方中科,2834,11334
sz002820,桂发祥,3200,12800
sz002821,凯莱英,4572.7,23011.0706
sz002822,中装建设,15000,60000
sz002823,凯中精密,7142.6772,29032.9987
sz002824,和胜股份,4500,18000
sz002825,纳尔股份,2500,10031
sz002826,易明医药,4743,18972
sz002827,高争民爆,4600,18400
sz002828,贝肯能源,2930,11720
sz002829,星网宇达,3800,16018
sz002830,名雕股份,3334,13334
sz002831,裕同科技,4001,40001
sz002832,比音勒芬,2667,10667
sz002833,弘亚数控,3336,13522.5
sz002835,同为股份,5400,21600
sz002836,新宏泽,4000,16000
sz002837,英维克,4923.549,20209.1992
sz002838,道恩股份,3150,12600
sz002839,张家港行,18076,180752.6665
sz002840,华统股份,4466.67,17866.67
sz002841,视源股份,4050,40631.25
sz002842,翔鹭钨业,2500,10000
sz002843,泰嘉股份,3500,14000
sz002845,同兴达,2400,9600
sz002846,英联股份,3000,12000
sz002847,盐津铺子,3100,12400
sz002848,高斯贝尔,4180,16715
sz002849,威星智能,2166.67,8666.67
sz002850,科达利,3500,14000
sz002851,麦格米特,4450,17772.5147
sz002852,道道全,2500,10000
sz002853,皮阿诺,1560,6213.66
sz002855,捷荣技术,6000,24000
sz002856,美芝股份,2534,10134
sz002857,三晖电气,2000,8000
sz002858,力盛赛车,1580,6316
sz002859,洁美科技,2328,10228
sz002860,星帅尔,1520,7597.868
sz002861,瀛通通讯,3068,12269.84
sz002862,实丰文化,2000,8000
sz002863,今飞凯达,5550,22150
sz002865,钧达股份,3000,12000
sz002866,传艺科技,3590.67,14362.67
sz002867,周大生,7685,47785
sz002868,绿康生化,3000,12000
sz002869,金溢科技,2952,11780
sz002870,香山股份,2767,11067
sz002871,伟隆股份,1700,6800
sz002872,天圣制药,5300,21200
sz002873,新天药业,1722,6888
sz002875,安奈儿,2500,10000
sz002876,三利谱,2000,8000
sz002877,智能自控,3056,12224
sz002878,元隆雅图,1884,7536
sz002881,美格智能,2667,10667
sz002883,中设股份,1333.35,5333.35
sz002885,京泉华,2000,8000
sz002886,沃特股份,1960.8,7843.15
sz300001,特锐德,92924.4042,99757.0075
sz300002,神州泰岳,193954.7016,196109.1984
sz300003,乐普医疗,156910.6177,178165.2921
sz300004,南风股份,44515.4288,50921.8928
sz300005,探路者,89129.3904,89129.3904
sz300006,莱美药业,72645.7526,81224.1205
sz300007,汉威科技,28080.4832,29302.2806
sz300008,天海防务,66891.6685,96001.6185
sz300009,安科生物,66862.5119,71188.158
sz300010,立思辰,60658.8209,87261.0697
sz300011,鼎汉技术,48093.0982,53105.1461
sz300012,华测检测,150817.1236,167456.0542
sz300013,新宁物流,23511.1385,29779.141
sz300014,亿纬锂能,85243.8956,85598.5593
sz300015,爱尔眼科,149775.9892,152072.1764
sz300016,北陆药业,30661.3408,32599.3251
sz300017,网宿科技,216640.909,240969.6921
sz300018,中元股份,42203.707,48711.6536
sz300019,硅宝科技,32640,33090.1951
sz300020,银江股份,62796.2354,65578.9086
sz300021,大禹节水,79736.0687,79736.0687
sz300022,吉峰农机,35858.9043,38024.038
sz300023,宝德股份,22500,31610.6775
sz300024,机器人,156023.9617,156023.9617
sz300025,华星创业,42853.0562,42853.0562
sz300026,红日药业,281258.1321,301105.4793
sz300027,华谊兄弟,248302.3715,277450.5919
sz300028,金亚科技,34398,34398
sz300029,天龙光电,20000,20000
sz300030,阳普医疗,30524.5741,30879.5815
sz300031,宝通科技,32939.7354,39676.7886
sz300032,金龙机电,62161.223,80316.9608
sz300033,同花顺,49617.0396,53760
sz300034,钢研高纳,42178.6943,42178.6943
sz300035,中科电气,46770.75,51800.6058
sz300036,超图软件,39012.2056,44957.8967
sz300037,新宙邦,34918.8408,37843.5368
sz300038,梅泰诺,18312.6646,31731.9212
sz300039,上海凯宝,107149.38,107149.38
sz300040,九洲电气,30440.313,34618.7204
sz300041,回天新材,33790.984,40078.438
sz300042,朗科科技,13360,13360
sz300043,星辉娱乐,119767.1442,124419.8401
sz300044,赛为智能,33506.775,40039.7211
sz300045,华力创通,54705.2,57619.1387
sz300046,台基股份,14208,14208
sz300047,天源迪科,34661.3428,35773.3482
sz300048,合康新能,100342.7014,110220.1357
sz300049,福瑞股份,25219.526,26305.31
sz300050,世纪鼎利,46276.5679,49891.4466
sz300051,三五互联,34901.0347,36968.559
sz300052,中青宝,26103.86,26103.86
sz300053,欧比特,53880.5972,62318.011
sz300054,鼎龙股份,87106.8433,96112.4002
sz300055,万邦达,82561.4908,86518.4815
sz300056,三维丝,29952,38549.0443
sz300057,万顺股份,43966.4781,43966.4781
sz300058,蓝色光标,178303.8235,214220.6139
sz300059,东方财富,428877.9718,428877.9718
sz300061,康旗股份,24975.4661,52608.9653
sz300062,中能电气,30800,30800
sz300063,天龙集团,52536.7193,72642.695
sz300064,豫金刚石,60800,120547.6595
sz300065,海兰信,31575.891,36234.0972
sz300066,三川智慧,99816.0762,104003.3262
sz300067,安诺其,63618.5008,65322.9808
sz300068,南都电源,61295.7858,78795.7858
sz300069,金利华电,11700,11700
sz300070,碧水源,309968.0468,313368.6772
sz300071,华谊嘉信,58821.3254,67849.1488
sz300072,三聚环保,147401.6951,180440.843
sz300073,当升科技,32848.1162,36606.804
sz300074,华平股份,52800,54321.3
sz300075,数字政通,38827.881,39548.131
sz300076,GQY视讯,42400,42400
sz300077,国民技术,55761.5,56364
sz300078,思创医惠,62553.582,80788.5334
sz300079,数码科技,137779.3862,137779.3862
sz300080,易成新能,50280.4021,50280.4021
sz300081,恒信东方,33500,51460.7876
sz300082,奥克股份,67392,67392
sz300083,劲胜智能,113274.738,143214.5568
sz300084,海默科技,31255.8218,38476.5738
sz300085,银之杰,62920,68401.3769
sz300086,康芝药业,44215.3936,45000
sz300087,荃银高科,32576.2,32576.2
sz300088,长信科技,111715.064,114943.9907
sz300089,文化长城,40798.8659,43480.014
sz300090,盛运环保,105898.907,131995.2922
sz300091,金通灵,52250,52250
sz300092,科新机电,22750,23779.75
sz300093,金刚玻璃,21527.1,21600
sz300094,国联水产,77837.562,78384.562
sz300095,华伍股份,31330.2,37855.4854
sz300096,易联众,43000,43000
sz300097,智云股份,22666.9327,26894.9835
sz300098,高新兴,77179.7299,110658.7571
sz300099,精准信息,52206.1222,66039.9255
sz300100,双林股份,28474.9,39795.1246
sz300101,振芯科技,55600,55600
sz300102,乾照光电,68250.1938,70455.3311
sz300103,达刚路机,14857.0528,21173.4
sz300104,乐视网,185415.0852,199472.0096
sz300105,龙源技术,51321.6,51321.6
sz300106,西部牧业,21029.8796,21133.231
sz300107,建新股份,54433.8522,54433.8522
sz300108,吉药控股,33217.4748,63601.4674
sz300109,新开源,11573.5877,17048.2422
sz300111,向日葵,111980,111980
sz300112,万讯自控,23119.8593,26243.0197
sz300113,顺网科技,68807.2468,69337.0958
sz300114,中航电测,45630,59076.0499
sz300115,长盈精密,90027.8149,90314.9817
sz300116,坚瑞沃能,89110.6218,243252.4564
sz300117,嘉寓股份,71676,71676
sz300118,东方日升,63377.382,90461.6941
sz300119,瑞普生物,38914.6281,40449.3463
sz300120,经纬电材,20454.5976,20454.5976
sz300121,阳谷华泰,28416.8,28922
sz300122,智飞生物,160000,160000
sz300123,太阳鸟,28516.6318,30172.541
sz300124,汇川技术,160629.2725,166511.1931
sz300125,易世达,9218,11800
sz300126,锐奇股份,27165.3504,30540.88
sz300127,银河磁体,32314.636,32314.636
sz300128,锦富技术,80522.5524,84162.724
sz300129,泰胜风能,61955.99,72708.718
sz300130,新国都,23987.274,23987.274
sz300131,英唐智控,80881.1976,106952.6426
sz300132,青松股份,38592,38592
sz300133,华策影视,153946.7397,174662.5521
sz300134,大富科技,76749.8006,76749.8006
sz300135,宝利国际,92160,92160
sz300136,信维通信,90112.9219,98283.4638
sz300137,先河环保,34120.5089,34439.5344
sz300138,晨光生物,30323.5063,36695.4422
sz300139,晓程科技,27400,27400
sz300140,中环装备,24400,34515.4706
sz300141,和顺电气,25044.96,25044.96
sz300142,沃森生物,140400,153743.6984
sz300143,星普医科,14740,28838.7118
sz300144,宋城演艺,137217.2375,145260.78
sz300145,中金环境,101215.1455,120214.8734
sz300146,汤臣倍健,145602.188,147012.188
sz300147,香雪制药,66147.6335,66147.6335
sz300148,天舟文化,65773.3587,84493.4446
sz300149,量子高科,42210,42210
sz300150,世纪瑞尔,54000,54000
sz300151,昌红科技,50239.453,50250
sz300152,科融环境,71280,71280
sz300153,科泰电源,32000,32000
sz300154,瑞凌股份,44700,44700
sz300155,安居宝,54337.0602,54337.0602
sz300156,神雾环保,72180,101002.4415
sz300157,恒泰艾普,69410.9032,71277.208
sz300158,振东制药,29047.8,51952.933
sz300159,新研股份,103041.6172,149036.0202
sz300160,秀强股份,59238.1114,59776
sz300161,华中数控,16641.7897,17279.1187
sz300162,雷曼股份,32510.7714,34951.003
sz300163,先锋新材,47400,47400
sz300164,通源石油,38016,44926.2159
sz300165,天瑞仪器,46176,46176
sz300166,东方国信,103442.5911,104996.948
sz300167,迪威视讯,30024,30024
sz300168,万达信息,101757.89,103108.2642
sz300169,天晟新材,30815.6527,32598.434
sz300170,汉得信息,81279.0507,85788.7869
sz300171,东富龙,62833.704,62833.704
sz300172,中电环保,50700,50700
sz300173,智慧松德,40513.3554,58618.0503
sz300174,元力股份,24480,24480
sz300175,朗源股份,47080,47080
sz300176,鸿特精密,10728,10728
sz300177,中海达,43692.3611,44676.3611
sz300178,腾邦国际,54200.134,55627.404
sz300179,四方达,47520,47740.735
sz300180,华峰超纤,39090.625,47500
sz300181,佐力药业,53856,60862.4848
sz300182,捷成股份,213123.7444,255496.8807
sz300183,东软载波,44935.6425,45326.4857
sz300184,力源信息,37657.9411,65819.7404
sz300185,通裕重工,326774.3928,326774.3928
sz300187,永清环保,60352.326,64854.2285
sz300188,美亚柏科,45374.3024,49634.0506
sz300189,神农基因,102400,102400
sz300190,维尔利,39734.8986,45228.4906
sz300191,潜能恒信,32000,32000
sz300192,科斯伍德,24255,24255
sz300193,佳士科技,50106.6324,50768.609
sz300194,福安药业,81530.4287,118971.2382
sz300195,长荣股份,28939.9378,43348.363
sz300196,长海股份,19200,21224.8038
sz300197,铁汉生态,145718.1829,151965.3615
sz300198,纳川股份,91492.83,103154.854
sz300199,翰宇药业,85400.9816,93469.254
sz300200,高盟新材,21360,26065.1171
sz300201,海伦哲,86402.0865,102856.281
sz300202,聚龙股份,54950.4,54950.4
sz300203,聚光科技,44899.225,45280.025
sz300204,舒泰神,47304.881,47815.7606
sz300205,天喻信息,43005.6,43005.6
sz300206,理邦仪器,58500,58500
sz300207,欣旺达,127205.31,129191.25
sz300208,恒顺众昇,74947.5,76652.5
sz300209,天泽信息,23760.856,29212.2316
sz300210,森远股份,43652.52,48421.9953
sz300211,亿通科技,30267.5973,30267.5973
sz300212,易华录,32160,36978.6157
sz300213,佳讯飞鸿,51463.8616,57466.5018
sz300214,日科化学,40500,40500
sz300215,电科院,75832.2487,75832.2487
sz300216,千山药机,36143.492,36143.492
sz300217,东方电热,127349.3706,127349.3706
sz300218,安利股份,21698.7,21698.7
sz300219,鸿利智汇,67029.9996,67097.5693
sz300220,金运激光,12600,12600
sz300221,银禧科技,40607.7,50568.847
sz300222,科大智能,49153.8717,72812.3556
sz300223,北京君正,16643.4198,16643.4198
sz300224,正海磁材,74356.8661,83512.9111
sz300225,金力泰,47034,47034
sz300226,上海钢联,15600,15943.75
sz300227,光韵达,13586.4,14977.7652
sz300228,富瑞特装,47063.0092,47390.5092
sz300229,拓尔思,43849.1157,47163.7546
sz300230,永利股份,29074.464,45344.7801
sz300231,银信科技,33573.735,34250.955
sz300232,洲明科技,51306.3116,63032.4972
sz300233,金城医药,25309.44,39315.2238
sz300234,开尔新材,26400,28953.4588
sz300235,方直科技,15840,16783.109
sz300236,上海新阳,19376.5944,19376.5944
sz300237,美晨科技,56612.455,80726.2506
sz300238,冠昊生物,19218.3498,26515.5701
sz300239,东宝生物,46087.4108,46087.4108
sz300240,飞力达,36555.975,36555.975
sz300241,瑞丰光电,22112.1478,27649.9613
sz300242,明家联合,49980.1896,63717.4024
sz300243,瑞丰高材,20686.4592,20686.4592
sz300244,迪安诊断,49018.9453,55102.9453
sz300245,天玑科技,26794.5795,27162.7395
sz300246,宝莱特,14608.8,14608.8
sz300247,乐金健康,61136.8186,80469.8313
sz300248,新开普,30944.9172,32462.4301
sz300249,依米康,41140.4333,43538.4534
sz300250,初灵信息,19653.0355,23226.9206
sz300251,光线传媒,293360.8432,293360.8432
sz300252,金信诺,40848.248,44446.4488
sz300253,卫宁健康,157142.3782,160045.9582
sz300254,仟源医药,19267.2,20830.8
sz300255,常山药业,84788.415,93496.6878
sz300256,星星科技,51465.1872,64810.8942
sz300257,开山股份,85800,85800
sz300258,精锻科技,40500,40500
sz300259,新天科技,46316.16,53438.9981
sz300260,新莱应材,19181.625,20194
sz300261,雅本化学,51464.5989,53697.4518
sz300262,巴安水务,37352,44695.7533
sz300263,隆华节能,76374.5466,88207.9304
sz300264,佳创视讯,41310,41310
sz300265,通光线缆,33750,33750
sz300266,兴源环境,91217.589,101712.032
sz300267,尔康制药,182977.6,206260.487
sz300268,佳沃股份,9840.1081,13400
sz300269,联建光电,38595.4557,61368.8411
sz300270,中威电子,27250.3,27250.3
sz300271,华宇软件,62724.7538,66851.8123
sz300272,开能环保,37816.5469,39818.5632
sz300273,和佳股份,78448.7552,78782.3576
sz300274,阳光电源,119830.86,144876.86
sz300275,梅安森,16427.6,16753.6
sz300276,三丰智能,37440,37440
sz300277,海联讯,33500,33500
sz300278,华昌达,35312.372,54504.3412
sz300279,和晶科技,41338.0657,44894.1998
sz300280,南通锻压,12800,12800
sz300281,金明精机,24344.9538,24344.9538
sz300282,汇冠股份,17178.11,24953.7637
sz300283,温州宏丰,41436.135,41436.135
sz300284,苏交科,50006.706,56092.81
sz300285,国瓷材料,50972.6052,59830.1142
sz300286,安科瑞,14244.1,14452
sz300287,飞利信,133597.3704,143527.3808
sz300288,朗玛信息,32849.502,33794.1402
sz300289,利德曼,38991.9445,42380.5235
sz300290,荣科科技,27200,32142.9652
sz300291,华录百纳,54392.167,81246.1176
sz300292,吴通控股,86747.8856,127485.0476
sz300293,蓝英装备,27000,27000
sz300294,博雅生物,34110,40107.7201
sz300295,三六五网,19206,19206
sz300296,利亚德,129082.1448,162891.065
sz300297,蓝盾股份,90152.8362,117545.5904
sz300298,三诺生物,40503.6839,40503.6839
sz300299,富春股份,23692.6086,38000.2637
sz300300,汉鼎宇佑,38312.02,45939.3716
sz300301,长方集团,69552.24,79010.8769
sz300302,同有科技,41203.5498,42127.0038
sz300303,聚飞光电,123849.6147,124917.5547
sz300304,云意电气,86195.1218,86195.1218
sz300305,裕兴股份,25950.795,28978.9
sz300306,远方光电,20192.433,28747.3405
sz300307,慈星股份,80200,80200
sz300308,中际装备,21601.08,21601.08
sz300309,吉艾科技,43454.8,48402.6066
sz300310,宜通世纪,74661.523,83842.7722
sz300311,任子行,35849.2165,44800.9392
sz300312,邦讯技术,31599,32004
sz300313,天山生物,18422.1477,19735.2789
sz300314,戴维医疗,28800,28800
sz300315,掌趣科技,243590.9581,277087.4854
sz300316,晶盛机电,98298.103,98507.55
sz300317,珈伟股份,40333.3783,85448.7361
sz300318,博晖创新,65469.4303,82141.0144
sz300319,麦捷科技,48497.2283,70432.9075
sz300320,海达股份,29334.8,29334.8
sz300321,同大股份,8880,8880
sz300322,硕贝德,40676.985,40751.685
sz300323,华灿光电,67500,84098.8759
sz300324,旋极信息,92126.8752,117219.6195
sz300325,德威新材,80000,101707.2385
sz300326,凯利泰,65215.3744,71492.0317
sz300327,中颖电子,18819.8148,19017.6477
sz300328,宜安科技,40977,40977
sz300329,海伦钢琴,25128.988,25128.988
sz300330,华虹计通,16800,16851.73
sz300331,苏大维格,18600,22604.8841
sz300332,天壕环境,64543,90160.2064
sz300333,兆日科技,33600,33600
sz300334,津膜科技,27603.7707,27603.7707
sz300335,迪森股份,36088.6045,36205.1545
sz300336,新文化,50412.8992,53754.807
sz300337,银邦股份,82192,82192
sz300338,开元股份,25190.636,33961.9692
sz300339,润和软件,47381.9,71546.67
sz300340,科恒股份,10000,11785.8178
sz300341,麦迪电气,37115.2,51021.1336
sz300342,天银机电,40504.6133,42709.0272
sz300343,联创互联,40033.9759,59039.269
sz300344,太空板业,33774.72,33774.72
sz300345,红宇新材,39936,44129.5483
sz300346,南大光电,16086.4,16086.4
sz300347,泰格医药,43744.0018,50017.6537
sz300348,长亮科技,19010.2604,29937.4846
sz300349,金卡智能,18000,23497.2974
sz300350,华鹏飞,37072.3824,53364.0362
sz300351,永贵电器,34128.821,38460.6412
sz300352,北信源,143552.2417,144982.4087
sz300353,东土科技,27473.4696,51693.816
sz300354,东华测试,13832.0201,13834.1201
sz300355,蒙草生态,150006.1171,160424.2081
sz300356,光一科技,34235.4208,41530.462
sz300357,我武生物,16160,16160
sz300358,楚天科技,16054.7254,44633.1171
sz300359,全通教育,54115.0642,63377.2477
sz300360,炬华科技,31209.1987,36267.75
sz300362,天翔环境,30630.1315,43539.919
sz300363,博腾股份,42274.7533,42495.7163
sz300364,中文在线,13653.7406,28475.2577
sz300365,恒华科技,17448.39,17590.5
sz300366,创意信息,38210.6266,52557.615
sz300367,东方网力,40194.5425,85544.5172
sz300368,汇金股份,26301.5322,55033.6774
sz300369,绿盟科技,53327.4064,79685.8689
sz300370,安控科技,80773.9415,95868.2632
sz300371,汇中股份,5613.0245,12000
sz300373,扬杰科技,18004.75,47249.0843
sz300374,恒通科技,11759.2,19468
sz300375,鹏翎股份,17390.4388,18578.4388
sz300376,易事特,69451.2,230383.4556
sz300377,赢时胜,71850,74253.333
sz300378,鼎捷软件,26096.9943,26096.9943
sz300379,东方通,22380.062,27703.1708
sz300380,安硕信息,7112.8352,13744
sz300381,溢多利,29823.528,40675.5366
sz300382,斯莱克,6424.7008,12517.649
sz300383,光环新网,139367.6776,144635.1388
sz300384,三联虹普,5536.16,16745.2961
sz300385,雪浪环境,7305.372,12000
sz300386,飞天诚信,19990.3469,41804.4
sz300387,富邦股份,6596.5714,12497.2
sz300388,国祯环保,17157.5358,30566.8467
sz300389,艾比森,9288.7605,31772.3036
sz300390,天华超净,15144.4077,34454.75
sz300391,康跃科技,6167.5,19820.5415
sz300392,腾信股份,16551.222,38400
sz300393,中来股份,7691.1582,18279.5
sz300394,天孚通信,9325.625,18585
sz300395,菲利华,22011.8274,29517.3
sz300396,迪瑞医疗,4672,15335
sz300397,天和防务,10320,24000
sz300398,飞凯材料,15725.71,36400
sz300399,京天利,4838.825,15200
sz300400,劲拓股份,14329.446,24000
sz300401,花园生物,10282.926,18140
sz300402,宝色股份,6610,20200
sz300403,地尔汉宇,14892.5,33500
sz300404,博济医药,6596,13427.1
sz300405,科隆股份,5033.43,11723.038
sz300406,九强生物,21509.9363,50082.8609
sz300407,凯发电气,17917.592,27550
sz300408,三环集团,101660.1852,172795.0422
sz300409,道氏技术,13737.5,21500
sz300410,正业科技,7065.6987,19710.7774
sz300411,金盾股份,7585.6,16000
sz300412,迦南科技,8316,25927.1
sz300413,快乐购,19867.8568,40100
sz300414,中光防雷,8423,17091.2351
sz300415,伊之密,28620,43200
sz300416,苏试试验,6428,12560
sz300417,南华仪器,2810,8160
sz300418,昆仑万维,44451.098,115912.4083
sz300419,浩丰科技,21296.3598,36775.377
sz300420,五洋科技,18495.4678,48523.1034
sz300421,力星股份,4200,13055.4687
sz300422,博世科,17653.7196,35606.8919
sz300423,鲁亿通,4701.6711,10706.272
sz300424,航新科技,7149.839,13307
sz300425,环能科技,16155.023,37527.4766
sz300426,唐德影视,15025.4165,40000
sz300427,红相电力,11182.2634,28374.4
sz300428,四通新材,6240,24240
sz300429,强力新材,9913.0303,25718.5994
sz300430,诚益通,4132.16,11333.704
sz300431,暴风集团,23531.2548,33197.7525
sz300432,富临精工,14471.523,50999.0175
sz300433,蓝思科技,45224.8826,261792.3326
sz300434,金石东方,5579.74,13600
sz300435,中泰股份,8568.4704,24480
sz300436,广生堂,5600,14187.57
sz300437,清水源,8484,21832.1965
sz300438,鹏辉能源,12674.9022,28115.1873
sz300439,美康生物,11039.25,34801.5
sz300440,运达科技,20397.8072,45602
sz300441,鲍斯股份,10469.16,36796.2873
sz300442,普丽盛,5889.25,10000
sz300443,金雷风电,11525.2244,23805.6802
sz300444,双杰电气,9949.696,28337.12
sz300445,康斯特,4080,16563.18
sz300446,乐凯新材,8011.8346,12280
sz300447,全信股份,9333,27748.131
sz300448,浩云科技,10106.3812,20246.6145
sz300449,汉邦高科,9149.93,14328.58
sz300450,先导智能,16898.34,40800
sz300451,创业软件,13677.4302,24294.9263
sz300452,山河药辅,4216.7104,9280
sz300453,三鑫医疗,7712.24,15872
sz300455,康拓红外,18463.2,39200
sz300456,耐威科技,7437.8186,18518.7144
sz300457,赢合科技,5644.6028,12396.2268
sz300458,全志科技,15707.4126,33267.516
sz300459,金科文化,52236.7387,158126.0853
sz300460,惠伦晶体,6950.8867,16827.42
sz300461,田中精机,2357.5,7054.38
sz300462,华铭智能,5498.6386,13776
sz300463,迈克生物,34097.799,55800
sz300464,星徽精密,10095,20975.375
sz300465,高伟达,26896,45038.1457
sz300466,赛摩电气,9900,29685.5618
sz300467,迅游科技,10117.8552,16683.04
sz300468,四方精创,6685.837,10540.97
sz300469,信息发展,3048.752,6830
sz300470,日机密封,7468,10668
sz300471,厚普股份,22092.3,37077
sz300472,新元科技,3430.5,10000.5
sz300473,德尔股份,4674.835,10493
sz300474,景嘉微,6700,26700
sz300475,聚隆科技,7250,20000
sz300476,胜宏科技,18553.9875,37467.75
sz300477,合纵科技,12545.3773,27976.8466
sz300478,杭州高新,2417,6667
sz300479,神思电子,8800,16000
sz300480,光力科技,6763.6555,18481
sz300481,濮阳惠成,7294,16000
sz300482,万孚生物,10610.6,17600
sz300483,沃施股份,3236.3,6150
sz300484,蓝海华腾,9388.6,20800
sz300485,赛升药业,8448,24000
sz300486,东杰智能,8958.3937,14138.0881
sz300487,蓝晓科技,12181.8125,20239.375
sz300488,恒锋工具,2500.8,10357.7774
sz300489,中飞股份,4899,9075
sz300490,华自科技,5000,20000
sz300491,通合科技,6723.149,14585.4
sz300492,山鼎设计,2470,8320
sz300493,润欣科技,15451.5,30000
sz300494,盛天网络,10353.75,24000
sz300495,美尚生态,25608.02,60120.7498
sz300496,中科创达,24175.8781,40233.9228
sz300497,富祥股份,6478.59,11233.725
sz300498,温氏股份,430623.3622,522035.6227
sz300499,高澜股份,6831.1919,12000.6
sz300500,启迪设计,3350.4,12300
sz300501,海顺新材,2404.08,6725.88
sz300502,新易盛,12878.25,23280
sz300503,昊志机电,10409.5173,25362.1
sz300505,川金诺,3816.97,9336
sz300506,名家汇,14802.5,30000
sz300507,苏奥传感,3000.6,12000.6
sz300508,维宏股份,1653.125,5682
sz300509,新美星,2630,8000
sz300510,金冠电气,8955,20484.9751
sz300511,雪榕生物,12910.3869,22500
sz300512,中亚股份,7819.99,27000
sz300513,恒泰实达,4523.6,7616
sz300514,友讯达,2500,10000
sz300515,三德科技,11989.5,20000
sz300516,久之洋,4710,12000
sz300517,海波重科,2560,10240
sz300518,盛讯达,4678.7205,9334
sz300519,新光药业,4940,8000
sz300520,科大国创,2300,9607.5
sz300521,爱司凯,2000,8000
sz300522,世名科技,1667,6667
sz300523,辰安科技,3600,14400
sz300525,博思软件,1710,6813.9
sz300526,中潜股份,4250,16981.4816
sz300527,华舟应急,12148.5,48583.5
sz300528,幸福蓝海,9315.6,37260.8054
sz300529,健帆生物,4200,41660.4
sz300530,达志科技,1750,7000
sz300531,优博讯,7000,28000
sz300532,今天国际,3780,15402.96
sz300533,冰川网络,2500,10000
sz300534,陇神戎发,7584.5,30334.5
sz300535,达威股份,1494,5974
sz300536,农尚环境,2327.6836,9310.7344
sz300537,广信材料,4000,16000
sz300538,同益股份,1400,5647.69
sz300539,横河模具,5225,20900
sz300540,深冷股份,2000,8000
sz300541,先进数通,3000,12000
sz300542,新晨科技,2255,9015
sz300543,朗科智能,3000,12000
sz300545,联得装备,1783,7206.6136
sz300546,雄帝科技,3335,13520.5
sz300547,川环科技,1495,5977.9215
sz300548,博创科技,2067,8267
sz300549,优德精密,3334,13334
sz300550,和仁科技,2000,8000
sz300551,古鳌科技,1836,7336
sz300552,万集科技,2670,10670
sz300553,集智股份,1200,4800
sz300554,三超新材,1300,5200
sz300555,路通视信,5000,20000
sz300556,丝路视觉,2780,11113.3333
sz300557,理工光科,1400,5566.854
sz300558,贝达药业,4100,40100
sz300559,佳发安泰,1800,7180
sz300560,中富通,1753,7012
sz300561,汇金科技,2100,8400
sz300562,乐心医疗,4736,18880
sz300563,神宇股份,2000,8000
sz300565,科信技术,4000,16000
sz300566,激智科技,2985,12438.3
sz300567,精测电子,2000,8000
sz300568,星源材质,4800,19200
sz300569,天能重工,3751.2,15001.2
sz300570,太辰光,5749.92,22999.68
sz300571,平治信息,1000,4000
sz300572,安车检测,1667,6725.4
sz300573,兴齐眼药,2000,8000
sz300575,中旗股份,1835,7335
sz300576,容大感光,3000,12000
sz300577,开润股份,3000.6,12000.6
sz300578,会畅通讯,1800,7200
sz300579,数字认证,2000,8000
sz300580,贝斯特,5000,20000
sz300581,晨曦航空,2260,9040
sz300582,英飞特,4950,19800
sz300583,赛托生物,2666.6667,10666.6667
sz300584,海辰药业,2000,8000
sz300585,奥联电子,4000,16000
sz300586,美联新材,2400,9600
sz300587,天铁股份,2600,10400
sz300588,熙菱信息,2500,10000
sz300589,江龙船艇,2817.1,11267.1
sz300590,移为通信,4000,16000
sz300591,万里马,7800,31200
sz300592,华凯创意,3060,12238.11
sz300593,新雷能,2889,11554
sz300595,欧普康视,3060,12240
sz300596,利安隆,4500,18000
sz300597,吉大通信,6000,24000
sz300598,诚迈科技,2000,8000
sz300599,雄塑科技,7600,30400
sz300600,瑞特股份,2500,10000
sz300601,康泰生物,4200,41100
sz300602,飞荣达,2500,10000
sz300603,立昂技术,2570,10250
sz300604,长川科技,1905,7619.4
sz300605,恒锋信息,2100,8400
sz300606,金太阳,2230,8920
sz300607,拓斯达,1812,7246.7827
sz300608,思特奇,2191.15,8764.6
sz300609,汇纳科技,2500,10000
sz300610,晨化股份,3750,15000
sz300611,美力科技,4474,17895.055
sz300612,宣亚国际,2700,10800
sz300613,富瀚微,1111.15,4444.48
sz300615,欣天科技,2000,8000
sz300616,尚品宅配,2700,10800
sz300617,安靠智电,1667,6667
sz300618,寒锐钴业,3000,12000
sz300619,金银河,1868,7468
sz300620,光库科技,2200,8800
sz300621,维业股份,3400,13600
sz300622,博士眼镜,2145,8580
sz300623,捷捷微电,2360,9360
sz300625,三雄极光,7000,28000
sz300626,华瑞股份,2500,10000
sz300627,华测导航,2980,11920
sz300628,亿联网络,1867,7467
sz300629,新劲刚,1666.67,6666.67
sz300630,普利制药,3052.9405,12211.762
sz300631,久吾高科,1610,6414
sz300632,光莆股份,2895,11580
sz300633,开立医疗,4001,40001
sz300635,达安股份,2120,8480
sz300636,同和药业,2000,8000
sz300637,扬帆新材,3000,12000
sz300638,广和通,2000,8000
sz300639,凯普生物,2250,9000
sz300640,德艺文创,2000,8000
sz300641,正丹股份,7200,28800
sz300642,透景生命,1500,6000
sz300643,万通智控,5000,20000
sz300645,正元智慧,1666.6667,6666.6667
sz300647,超频三,3000,12000
sz300648,星云股份,1700,6770
sz300649,杭州园林,1600,6400
sz300650,太龙照明,1578.7,6314.8
sz300651,金陵体育,1893.34,7573.34
sz300652,雷迪克,2200,8800
sz300653,正海生物,2000,8000
sz300655,晶瑞股份,2206.25,8824.9935
sz300656,民德电子,1500,6000
sz300657,弘信电子,2600,10400
sz300658,延江股份,2500,10000
sz300659,中孚信息,2040,8160
sz300660,江苏雷利,2527,10108
sz300661,圣邦股份,1500,6000
sz300662,科锐国际,4500,18000
sz300663,科蓝软件,3286,13142.6719
sz300665,飞鹿股份,1900,7600
sz300666,江丰电子,5469,21876
sz300667,必创科技,1700,6800
sz300668,杰恩设计,1058,4216
sz300669,沪宁股份,2105,8420
sz300673,佩蒂股份,5636.6666,6000
